6.422198802305931382e-04,1.395317306508170492e-03,6.207436189071256251e-03,-5.816488036083606455e-03,-5.270268361088582473e-03,-2.042025627385171856e-03,5.054975711977365699e-03,-1.593681557966188014e-03,1.192027702877474123e-02,4.487770524438229255e-03
1.570655193916953686e-03,-2.576999126756978134e-03,-5.525548124311839386e-03,-4.926336480630220428e-03,6.319214277574771409e-03,-8.107493261972744183e-04,1.558225889293884730e-03,-4.757050560677496590e-04,1.425709920297167123e-02,7.428780570327664064e-05
-1.049305887568805070e-03,1.383134653450776401e-03,1.840345025605001584e-03,1.675289270142789810e-03,-3.028061653515546660e-03,-5.884067949611847259e-03,-7.531055494364028921e-03,7.794424811973833106e-03,4.827475705135392259e-03,-1.574394595966915151e-03
-1.700317882710514509e-03,7.035765988467011615e-03,-1.223801145202604336e-03,1.651697557718871234e-03,-5.723801651903835316e-03,-9.518908339361338913e-03,4.684562579573442893e-05,-3.059637214460285393e-04,-1.016915748721504073e-02,-3.506452434935892169e-03
-4.775560774956819944e-03,7.173776591499043086e-03,-3.703445801987524655e-03,-2.778789348701154148e-03,-8.587170375087135269e-04,-5.924503871645324729e-03,8.483360634869912403e-03,-2.735373740639488686e-03,-4.395311341664054523e-03,-1.382319782052934473e-02
-4.578373447062816619e-03,3.142806346520007183e-04,8.143432831680991364e-04,-1.430782502123878518e-03,-1.013707498308080756e-03,-2.274108815078150318e-03,2.657180471428399228e-03,1.638957209987805270e-03,3.664407403158879604e-04,-8.411281213907641219e-03
-3.243759949814697952e-03,-2.769183818575527388e-03,1.566490904563296472e-03,3.965456243162920370e-03,1.252185528621412719e-02,-9.046247062855811150e-03,5.764207331158829016e-03,-7.306661046462974195e-04,-8.526347738870300105e-03,1.006876408513352958e-02
-6.548370637730492952e-03,7.094414920296290622e-04,2.051107038670612129e-02,-1.029851054039733818e-04,1.063164337415688741e-02,-2.171604301662312039e-03,-7.841179613781357541e-03,-1.102678680182725933e-02,-8.342502906285475389e-03,1.081568280699540287e-02
1.984923165932991722e-03,-8.051187511148976891e-03,-4.632500539273450013e-03,5.582229290903955622e-03,-2.500506250146707164e-03,-5.229581316679102719e-03,-4.351894375005269057e-04,9.818663986314818057e-03,-1.292755888763867829e-02,-8.580642792158662754e-03
-3.588923670220912562e-03,-1.345363972683784673e-03,-3.868927784709071029e-03,-4.925006863414452783e-03,8.479414048515914598e-03,2.365864967858341723e-03,8.465552366613905352e-03,-1.703707218750096647e-02,6.424226850507894042e-03,-8.271070897139866027e-03
-1.365507929611310851e-03,-4.341039261751724991e-03,4.261938363159131077e-03,4.518985446684970798e-03,3.247713501974748389e-03,8.510533447077874318e-04,-3.870245991750059702e-03,-1.218885188594414325e-02,7.992681198555378480e-03,-1.142897881628478695e-03
-1.609410138040035920e-03,9.992135968632522361e-03,-5.684383219677963638e-03,-6.403864768330538512e-03,-1.224292649145664567e-02,4.883994026151745708e-03,-5.928044489931269534e-03,1.933772340385937153e-03,-8.362480417077929745e-03,1.592867281458516414e-03
-2.821346341842297274e-03,-5.886589315448042268e-04,-7.612343850869248904e-03,-1.902662602150798077e-02,-1.622353637555336639e-03,1.361670807926494697e-02,1.213524098646166435e-02,4.359214997349544242e-03,1.602532283147946671e-02,-9.010155821736023571e-03
-7.789393107542661766e-03,1.074885244865649361e-02,-8.438850014068539213e-03,4.276639814336385265e-03,1.041838945802341619e-02,1.596221443199114009e-03,4.466133414612165082e-04,3.815264426461135137e-03,4.972186384514114960e-03,5.418593179445236642e-03
-5.398602883432224685e-03,2.949472782514818872e-05,-3.136887395048906010e-03,-6.827434154437560243e-03,-2.454722213322338420e-03,1.068034576753987795e-02,-1.354086515799454585e-03,1.579808720972455255e-02,-2.451290017138090926e-03,3.227930634246020235e-03
-5.770108077556335840e-03,-7.132781902805574586e-03,-1.019869390194107998e-03,-3.825756223868900015e-03,5.076872477076031960e-03,1.276388467389378764e-02,-1.869198833695436338e-02,1.124077473734319023e-02,-1.251729842766879323e-03,-9.594678417758725764e-03
-2.590892220341368870e-03,-3.572821060608092660e-03,3.372658529709501689e-03,8.552191082007361625e-03,1.562342681775332138e-03,-4.245429030922872986e-03,-2.814869625085041245e-03,2.748713814719951510e-03,3.265905780411402972e-03,-3.727406411967338230e-03
8.133922969881331091e-04,3.628156352603355804e-03,-3.895326484813596557e-03,-4.451267312128069989e-04,-6.894916958657472048e-03,-2.263350685346441488e-02,1.326381815100520511e-04,-1.155088095942251314e-02,-1.043422862008351951e-02,-5.373654852312140413e-03
7.563122933077118639e-04,-1.045119264811393035e-02,-3.390181208175736772e-04,-8.237691458448131998e-03,-3.187680892790712480e-03,-3.529596331248955211e-04,-8.289080687281041859e-03,-6.404122303044984012e-03,1.205634622457177514e-03,-5.011461749848934721e-03
-1.023147327787821484e-03,-1.258245805945275644e-02,-5.013263650727772455e-03,5.948964475510564245e-03,6.302165631681068761e-03,7.767372616461683602e-03,1.217442415046633870e-02,-7.727984997836977350e-03,4.100237902441752035e-03,1.585630469873549123e-02
-2.641456938667636600e-03,-4.468402416781004464e-03,-1.220894731308436176e-02,-2.500534765844551408e-03,1.611543949231940276e-02,1.567762770081225238e-03,2.153903914394558750e-03,-8.089420278577686904e-03,1.160375223795317816e-02,6.008195935501652735e-03
-6.480394332578464766e-04,-2.479087577059508295e-03,9.604133525405991658e-04,-3.563150456894448228e-03,-2.141100046607445715e-03,9.561706504114583088e-03,-1.184998797333030153e-03,-4.170254664541006399e-03,-2.868305441820542638e-03,-1.183923355920728140e-03
-1.087208747301983630e-03,-7.439782882299227421e-03,1.390122280703178295e-02,-4.531864835722540681e-03,3.170771875151105626e-04,5.007001237229253242e-04,2.288626833720296128e-03,-8.667858430663104644e-03,-4.889546549954252967e-04,-5.936770953241738216e-03
-6.269277752322163950e-03,3.021132832341393015e-02,-1.961017379868627147e-02,8.594303571748567946e-03,1.225610708851463228e-03,-5.972736658780720270e-03,-1.400801610673188362e-03,-6.579243814493192320e-04,1.368299017226609279e-02,9.393459522224008665e-03
-3.508903102848071054e-03,7.950319389447407445e-03,5.890533633873837414e-04,-1.365899076681291284e-02,-8.540722466763803764e-04,5.149834998773963543e-03,1.090569243039036726e-02,5.706570353732389952e-03,-1.018330339081066974e-02,-1.535056979930156254e-03
-4.816922021745322080e-03,5.950349123207365927e-03,8.330760002139768819e-03,-4.026252219295768306e-03,-1.060464490116690313e-02,2.925780916382534746e-03,-3.087179610434379919e-03,1.671917563299511831e-03,-2.519011941682636636e-03,6.592467526613008701e-03
-5.541408146054552404e-03,4.069570609950492486e-05,2.834563608550139113e-03,3.018217658936242064e-03,3.469265609742770620e-03,-3.440771767600845320e-03,2.158010752440203813e-04,-2.371857561560311410e-05,1.057618841337571412e-02,1.315715721635376525e-03
-4.556000576583094791e-03,-1.260628457507985932e-02,6.138891256919809698e-03,7.788599728564157137e-03,-6.654584454548524534e-03,-9.391954000236700517e-03,-2.832572301747355182e-03,1.995155844457621210e-03,1.759884883267350073e-03,8.048959645751982764e-03
-7.613498965426488546e-03,9.717043950715572751e-04,9.274757942675524239e-03,7.952203671820403264e-04,2.207238415805713467e-03,-1.415404462849439299e-02,-1.557405595347933526e-02,5.278710535629817235e-03,8.576904180118741477e-05,-5.053623770121530058e-03
-3.006005749350347794e-03,-8.605581147560867773e-04,-2.609315233251226999e-03,5.490352856253028976e-03,9.635380768781356964e-03,8.091317505247021952e-03,7.633815945796773106e-04,-1.100905945176426301e-02,6.472853450273762920e-04,-6.785080561700383879e-03
-2.494292022224341675e-03,2.271167802401291829e-03,5.732477490605019863e-03,-4.605551901292236419e-04,-4.811988283811026446e-03,5.655807008409434282e-03,4.422569676188395534e-03,-9.279114738847273058e-03,-3.627243523770697867e-03,7.313767116225070031e-03
-1.663724775301893321e-03,-1.899062388697107242e-03,5.210379822280611665e-05,3.833123445760452767e-03,-1.450523108627271157e-02,-2.907319313004391292e-04,3.123297607092466715e-03,3.732121536991608434e-03,-1.308936536748126324e-03,-7.079385550534773690e-03
-1.847300459044719408e-03,6.851063321377228767e-03,-1.988504049511431032e-02,5.580401754983547492e-03,-1.961699591586384822e-03,-9.253577944879525993e-03,3.880439953753971917e-03,-5.083048779172331423e-03,-8.491742303474490369e-03,-4.589538155854396874e-03
-2.121392347850906222e-03,-1.675500792878740217e-03,-8.780616866115828131e-03,4.720625360833455991e-03,3.919891534342844278e-03,-5.120983029087474575e-03,-8.482395826498064211e-04,2.033557133792295024e-03,-1.028513890744613482e-02,2.497276876129310690e-03
-6.959412634182180618e-03,8.632948869176709436e-03,9.539978781171356940e-04,1.404816974043689159e-02,-3.565541881706497072e-03,-1.646985382173461743e-02,-7.032478240156720892e-03,8.229215017570471564e-04,2.772395611686959745e-03,-8.293451632088812142e-03
-2.605729614712426132e-03,-8.574495818647270102e-04,7.254377721286788330e-03,1.389355937113257583e-02,-3.631801359374379687e-03,-2.592120053322784830e-03,5.684883046002941207e-04,1.154118018876538771e-03,-3.959214837727330176e-03,1.940908032539866287e-03
-4.878158762340737472e-04,7.529033942566147608e-03,1.828292934209079477e-03,-4.171015822008654859e-03,-1.417409709201881973e-02,1.878026581941595607e-02,-6.589759831903971646e-03,-5.712360512230150100e-04,-1.293628373142680175e-03,-3.193790881568680205e-03
-1.624493864964202984e-03,-1.496126873866423720e-02,-5.189324017275510383e-03,1.170427023483418434e-02,7.703918705117889995e-03,4.410031335369069341e-03,2.980907590809738893e-03,-1.203108030835090859e-02,1.419153590831303928e-02,-8.371595444440566719e-03
2.823465157106072772e-03,-7.908195854037155040e-03,-6.867849937764951285e-03,1.802729441597934312e-03,-1.838593321185628786e-03,7.131154661966976251e-04,7.362308962054797505e-03,-7.773913407532074410e-03,-3.136881699787724513e-03,9.550451450119996563e-03
1.123251160663847701e-03,-7.854364485173985153e-03,5.866777700334785709e-04,2.972251730877050694e-03,-1.091026084687490502e-02,1.038843025273122542e-02,5.528051762984322395e-03,5.387975126558694657e-03,1.934082466698117163e-03,-9.531844556099742030e-03
-2.261738610056578721e-03,-4.844861979770200520e-03,-1.215342695458216521e-03,8.373334268227412142e-03,6.235883383955999164e-03,-6.505496243491507707e-03,2.356091177635798260e-03,1.222164966009564938e-02,1.184537539641066818e-02,5.621487917888167048e-03
-1.562122866915172451e-03,3.477107934612708087e-03,1.446682453549588861e-03,-4.060280831640964414e-04,-1.227155827923103295e-03,-1.534222915261776975e-02,-1.606350307066929661e-02,6.374675527917586168e-03,3.725676685789586825e-03,-2.501325315260739812e-03
-8.751803540601451464e-03,9.736837061646044095e-03,8.656936873163028484e-03,-3.742229664005473563e-03,-4.501131320377010740e-03,3.219063376542140222e-03,-4.804801911227641123e-03,-6.157634748080084361e-03,1.578998467619858667e-02,-5.135700684756338858e-04
-4.516053997162425455e-03,-4.075354586295499779e-03,9.271742983919242440e-03,-1.059475922172337103e-02,-5.371852495600315872e-03,6.487528927755241068e-05,-4.238122718908415854e-03,-6.047581799224251023e-04,8.485574091701828707e-04,2.127104185207334165e-03
-5.021489414861880600e-03,-1.020988019434269055e-02,6.066970827721646087e-03,3.269012458218797500e-03,2.560878823821645823e-03,2.008845809509616446e-03,-1.160717654715013973e-02,1.116261738070168687e-02,-1.031785407671687721e-02,4.783471458173637128e-03
-6.339061319010381480e-03,3.158791607210160828e-03,-1.155813038010436271e-02,5.359359847113233030e-03,8.276778167276640716e-03,3.986584214260149384e-04,-1.669726745978065280e-02,-8.854718167884773061e-03,5.588250547232849648e-03,4.455171689746570581e-03
-1.624090404575567618e-03,-1.105876787062515937e-02,1.729729477530831012e-03,5.818021177289292231e-03,-2.318703483391092862e-03,-5.054469021562577914e-03,-1.185217981574493949e-02,7.722534606498154298e-03,-1.356114558514619163e-03,3.112363976864837654e-03
-3.837859050776207346e-03,-1.473390193577388610e-02,3.635110124929771813e-03,5.305445515101537592e-03,5.175339799245057444e-03,1.183948619836091426e-02,1.916493514269830729e-03,1.311606643229893017e-02,1.026214666060057748e-02,-3.671008836791785947e-03
-3.038794915478661672e-03,4.117098953977827748e-03,7.492222424247100762e-03,7.601432948764487094e-03,3.527311541488600908e-03,1.250194185431385656e-02,2.263939547560057594e-03,-5.979305923958432196e-03,-2.034687456674522284e-03,6.877983646806160988e-04
-3.006925811537889976e-03,-3.168205115560246161e-03,9.128109445159425517e-03,-1.749459483955661740e-02,6.071568954870898774e-03,6.837881351767695782e-04,1.030299979037146421e-03,2.235855931721724213e-03,2.261971739784300270e-04,6.343228171665109445e-03
-6.201379219590732669e-03,-9.454144728931301866e-03,8.079694374394406214e-03,-5.616718156370168261e-04,-3.006528603105681346e-03,-2.263630356180086113e-04,8.467917766366460028e-03,1.159697236461368179e-02,5.105713677141921966e-03,-4.563367048514285068e-03
-6.175296567819945834e-03,8.354540742164505776e-03,9.791903736225968449e-03,-1.750872704007684286e-03,-8.346666645926120731e-03,-3.340516691934655377e-03,-9.349818824716358764e-03,6.655460327075418160e-03,-3.055252528444828749e-03,5.514458276351878740e-03
-5.547626571678222936e-03,8.645044244944496276e-03,1.320604917343761592e-02,-2.433552479427651075e-03,-5.300888936919608864e-03,2.691475953479710147e-03,-1.013008512436222759e-02,6.277079893548843936e-03,-6.972346282339727912e-03,-3.149272023929624176e-03
-3.025347841006380159e-04,8.771422057236249016e-04,-7.193945862140699310e-03,-2.218320115660941949e-03,-1.514866269370688211e-03,-4.980161060392095281e-03,8.517047094659739928e-03,7.507466801854794335e-03,6.461080136330774049e-03,7.166479559448086720e-03
2.424010606225575695e-03,-7.023499626206797242e-03,-7.246663268677388907e-03,-7.449314974220708728e-03,-9.102167295945410089e-03,6.873635475747578820e-03,5.805455768507252791e-03,-5.778807400848237803e-03,-1.333554281834733318e-02,4.023840892377438102e-04
-1.929074898220171442e-03,-1.168635818882373528e-02,7.615700892217444444e-03,6.807403021314186158e-04,1.220057491163744484e-02,-6.476267883055337148e-03,-8.695785485007233306e-03,-6.295718527513315642e-03,-9.935580219193464874e-03,7.343105754173005241e-03
-7.187688377219583931e-03,8.452834986397023955e-04,-2.509298868180558778e-02,1.560670452644200012e-03,-8.520043917846810422e-03,3.310612908032082354e-03,-2.266436175427482581e-03,2.723883009704834886e-03,8.798064338425157444e-04,-3.347757857473571130e-03
-5.271086818736458318e-03,7.804636182488251285e-03,4.702819250058745963e-04,-3.414634526913133835e-04,-6.320867422295766043e-03,6.990669124765537881e-03,-5.841653006837816374e-03,1.036482445545902457e-02,-2.092508434574561101e-03,8.462654328797846598e-03
-3.125075450665639083e-03,2.135944065108031156e-02,-4.743373314929275747e-03,3.400510330042509849e-04,2.819126866390427640e-03,7.304817764830191275e-03,5.724259240057838830e-03,-4.415792012113228804e-03,-1.008955649458182120e-02,1.202399897717484813e-03
3.167622136667707245e-03,8.032771305561661659e-04,-5.311151492934513586e-03,-3.374318516541646544e-03,8.570552734711703313e-03,1.078538468401229154e-02,1.450812211348673740e-02,4.586495462596587233e-03,-5.015343698285450527e-03,-7.115616009210418841e-03
1.638591391836789583e-03,3.542005392032897878e-03,-1.135766391850479701e-02,9.901253521311688746e-03,3.315425767636033614e-03,-1.101301981980072273e-02,8.376431999770264994e-03,-8.683425193670660659e-05,-1.180139938381050135e-02,-1.065517400389873540e-02
-7.524489326118598796e-04,4.815062968321432747e-03,1.537532584971989559e-03,-5.859558494416759224e-03,-4.082838234372233627e-04,-6.772021444010992500e-03,1.684203818012217427e-02,-4.199476612437653272e-03,-4.071417848109097626e-03,1.114530237986828456e-03
2.221467214150642504e-03,-6.550882552111023625e-03,4.379864752535761810e-03,-1.910485712349549448e-02,-3.123667542760219691e-04,-1.478078029260597925e-03,1.382565432792017164e-02,-3.305588807091606584e-03,-2.811091235001113124e-03,-1.116391012790156692e-02
2.016238553906324078e-03,-4.920418458345646347e-03,-9.981426560942039186e-03,-2.659428611158800790e-03,8.328615595483989959e-04,-2.312281297029116639e-02,-1.033777769108905299e-03,-5.260864200459036168e-03,6.738490758687677544e-03,7.963690769869498712e-03
5.798715953530858054e-05,-1.750448002025983916e-03,-4.179483858943034216e-03,8.770912754019687466e-03,1.334307169705972566e-02,-2.005195006278487693e-03,2.023463112223111097e-03,1.815209014418035696e-03,-1.346922129760084151e-02,-2.449441209561859303e-03
-6.059105197106039349e-03,4.397120117398774968e-05,9.894867879568591471e-03,4.161643009859553738e-03,-2.406823489966794342e-03,-9.102219251052822563e-03,-4.507895216088847815e-03,9.297119960643583300e-03,-6.890530136174178449e-03,-9.470421348898036898e-03
-5.875333234030962089e-03,4.552173390730729526e-03,-8.104070765681370414e-03,-6.896117728897562318e-04,1.284704290657688900e-03,-1.027518754586707883e-02,1.105696962243996398e-02,-4.172799923061592045e-03,-4.717964733888537453e-03,5.479029564807231427e-04
-8.921143143044207857e-03,-1.796466422969999338e-03,1.285606442041974605e-06,2.941045642826317446e-04,4.462419586327263238e-03,7.196134831307779206e-04,5.851061372203333541e-03,-2.662798969406688244e-03,1.210897035999809745e-02,5.814465272873650323e-03
-8.068478368686723967e-03,1.586194871190045857e-03,-7.458468230106825953e-04,1.436264571450043782e-03,2.039450185927294337e-03,1.653970870371163646e-03,-5.377038647501051691e-03,-1.033994023951919109e-03,2.205674459437780704e-03,1.206337992444830344e-02
-3.648366129166270670e-03,2.081113096552170225e-03,-5.635748457919998247e-03,-3.459999520904003586e-03,8.893742237353089927e-03,-2.688975461178735632e-04,8.796956227084990225e-04,-4.073960437918212711e-03,-4.788567371430794625e-03,1.767672199672059999e-04
-4.095897719287542975e-03,6.891234347214583895e-03,-2.475338226328557996e-04,-1.394103497200109478e-03,5.553182633892703342e-03,1.366144581552733960e-02,-4.072963682691542811e-03,-1.617204257442775772e-03,-6.023584051766032961e-06,-1.011761402441738525e-02
-1.141472028650732540e-03,1.625847304165697546e-03,-1.347385446613767225e-02,3.305455652693954985e-03,1.772912681399996509e-03,8.818410227801857723e-03,-2.899150089706288374e-04,9.590084633787743229e-03,7.399347800520099990e-04,2.440754673480671842e-04
-3.686934055598045917e-03,3.852575189606606467e-03,9.761617508949885919e-03,3.375961569940679093e-03,6.864120827929396512e-03,1.023884267794621800e-02,1.279407200761359126e-03,-5.898009308218610421e-03,1.337327993042099900e-02,1.358480069023096197e-02
2.257446063971109906e-04,2.985197575412646548e-03,3.183527937334197904e-03,-6.324929777325271826e-03,-2.228550714900764604e-03,-1.974532210234292845e-03,5.740706322639809768e-03,3.233932576350975535e-04,-7.598026978482354948e-03,1.214889555807760479e-02
-7.088652046248124390e-05,7.607446031258311391e-03,-2.149732717871921748e-03,-8.104350690832784606e-04,-4.037954327105603737e-03,1.400484941070396323e-03,-6.904301208307992224e-03,-8.042255414063470900e-03,-1.113649205081372086e-02,-5.233956537907949631e-03
-4.325019933537982419e-03,6.954816212523195172e-03,8.326254047263203714e-03,2.658352130193339727e-03,-5.524193338609623138e-03,-7.176157030969206214e-03,4.620669059441200217e-03,6.407162368331514694e-03,1.777266463677162857e-03,-6.008412119198199355e-03
-2.744171519312972943e-03,1.235069126292963164e-02,4.911688167169454486e-03,3.285987796588550527e-03,-2.267510325791237662e-03,-1.136281272343173283e-02,-1.640258150176533225e-03,-1.129146745870375328e-02,-1.189667004868614998e-03,-8.745651732755207325e-03
8.393797955053063369e-05,1.368076062758829224e-02,-3.401255418642814589e-03,-4.253348466407780130e-03,-4.885933384163667313e-03,4.197867951534653246e-03,4.952462692203066057e-03,-1.437221682481188345e-03,-6.233357266852776989e-03,2.803837021586517726e-03
3.047356422832389958e-03,-4.751963553617279297e-03,2.926223016797260129e-03,-1.737678048323796492e-02,-4.397227707391849170e-03,7.733701211929364409e-04,1.046450875527745079e-02,1.721945906413835164e-03,-3.365953806060144066e-03,2.383339513414629764e-03
-5.299634895389020991e-05,-6.689432499189428005e-03,-2.723838590870965998e-03,-1.555968698690917036e-02,1.234031096161828517e-02,5.821507558098753914e-03,8.526742848143710127e-03,-6.500877685770504143e-03,8.836857359079217794e-03,-3.860496711748926985e-04
-3.866402575953500236e-05,5.020785483834475788e-03,1.207347772398799758e-03,3.398164411301682342e-03,-1.769342734033661421e-02,7.169256092711798894e-03,7.888518312346021188e-03,-6.677704814114684972e-03,1.183658587928406239e-02,2.792077906995052428e-02
-4.273798231033465456e-03,-3.518435258403440017e-03,1.164626860803646621e-02,1.232801232809821066e-03,2.454472419770062103e-03,8.070455794495600202e-03,-7.385882257522155157e-04,1.424377726745610154e-02,6.943655973968745031e-03,4.872067986374801173e-03
-4.103849720942878004e-03,1.662246716353229592e-03,1.115951822439866827e-02,4.825753696171938140e-03,-5.659202551083698102e-03,5.130566302885942488e-03,-2.275888409169544817e-03,1.811606077225020456e-02,8.198975298060356617e-03,2.649644057083958698e-03
-8.159707927076350134e-03,1.508165180866522133e-02,2.000703457768898685e-03,8.543219612012143338e-04,-1.530849224620366936e-03,-1.208582629851153584e-02,-5.047300345253098904e-03,1.268540581001578044e-02,4.010838329372874538e-03,-1.837133966405977634e-02
-6.454134537427747530e-03,4.462821760502852378e-04,4.090023636131582228e-03,-1.626286852779473347e-03,8.668667055854084938e-03,-1.342714278302593531e-02,2.872626000944881845e-03,-5.944286375856246314e-03,5.746818445427009404e-03,-5.707707461401803281e-03
-2.929958326372112797e-03,6.266093894848398646e-04,-1.098965269906299709e-03,-7.475128226830078529e-04,2.662640647047666070e-04,5.109967367658970958e-03,-3.928513562619980783e-03,7.872611531783228409e-03,7.951716652110810829e-03,-2.080162734952843793e-03
-2.420833586908863796e-03,-4.432078493110495031e-03,1.075298376154628505e-02,1.704482437164635440e-03,4.659635233343096552e-04,2.401498918715177892e-03,-5.254480750375014469e-03,8.046986126428828240e-03,6.141391746776728514e-03,-1.686870266064639053e-04
-9.618833225082264703e-04,-7.052357090675969754e-03,8.081951807752542349e-03,-1.262177380074108041e-02,7.103032119519475489e-03,-1.074790527687547468e-03,8.281391036423682139e-04,6.299821375267330818e-03,1.531619833663820174e-03,-2.713192790247240162e-03
-4.495409363938390399e-03,-1.070907708454295164e-02,1.114987346386002443e-02,2.304716267711389918e-02,-1.091694555015351384e-02,-6.233233374998821408e-03,-1.037840740996783190e-03,-1.704440699397115084e-03,8.723243368957944374e-03,9.904712265420834161e-03
-7.568102316178887921e-03,3.750131257731137077e-03,-7.833281628030333565e-03,3.794722266981270797e-03,4.152479129605445886e-03,1.586044804076463394e-03,-7.209662244345872023e-04,9.328758736748730962e-03,1.416656930040452716e-03,-1.535483615184978813e-02
-7.284409302151927113e-03,6.884537814862304837e-03,-8.186253157952315396e-03,-6.882948478459932976e-03,1.883573685683607698e-03,7.472501088915933093e-03,-1.515371013114504657e-03,-1.366747254049303917e-03,-4.024501055860660488e-03,6.132706961224190890e-06
-1.240338782924091734e-02,1.348710132269658780e-02,-2.130267471431134072e-03,9.258175308834376907e-03,-1.843775698431515881e-04,-6.698830141927806549e-04,-3.115190873228146796e-03,8.697273660483171784e-03,3.423612032285747674e-04,-1.838622555278109083e-02
-8.526027220722789263e-03,-5.138767110161857748e-03,-7.881359920598208016e-03,-1.676800907689695750e-03,2.428700308049680599e-03,1.163733890294312880e-02,1.002533319824285354e-02,-1.639398135759536149e-02,1.388199046691479706e-02,-3.526832533681733498e-03
-6.682590509642515227e-03,-1.560871343022533254e-03,1.479066494931578811e-03,-8.171447050835266637e-03,-1.289574745673298427e-03,2.858775687791693422e-03,-2.030162000844169205e-03,8.542425911470936245e-03,5.016624216198869481e-04,5.908047225736403132e-03
-5.354656623526342710e-03,1.127177850038567570e-03,-7.370239755092091068e-03,-2.992369921421073487e-03,-4.485278521677962642e-03,6.326332652664142832e-03,-1.081372547413044991e-02,-2.241354904471848201e-03,2.500231375251371103e-03,-1.063564468852244878e-02
-5.557700032231600688e-03,-2.548323640071612807e-03,1.763672906811601269e-03,5.223434309612561173e-03,8.009358956154996600e-03,1.007545627371426479e-02,-2.506188223190824235e-03,4.550928834210936965e-04,9.276750646901100669e-03,7.306172049801858484e-03
-3.481855555930777387e-03,-5.739986770063040117e-03,-8.563885186790197923e-04,-1.701822193536003166e-03,-5.840606361172774770e-03,7.365394539642814526e-04,-1.010588189627670752e-03,-4.127895078190983551e-03,-6.770410330492277135e-04,4.967792743564105641e-03
-6.303896526997573857e-03,7.561334768746925776e-03,2.932989779704014022e-03,-4.066330074782205546e-03,-7.153551551163418037e-03,1.316449379054098097e-02,6.090830797166177889e-03,6.162302166593931936e-03,2.959089393331020348e-03,-1.370553986193612716e-03
-4.325957632877590678e-03,-4.939261617779640290e-03,-1.749409179771579947e-02,-1.089611278525942986e-02,1.187155502409028771e-02,4.740735894889073695e-03,4.691375419970470091e-03,2.535941851787236988e-04,-1.594689137125967354e-02,3.737712408244455407e-03
-4.930927227875273218e-03,-8.797305170880263120e-03,1.288780553760062071e-02,-1.006333665669023776e-02,-5.222390259247401906e-04,1.366361669609444896e-03,6.376710840075136034e-03,7.815468405356887707e-03,-2.435464921598477685e-03,-4.378605984765959031e-04
-4.319983918773964357e-03,-5.531955285920020157e-03,6.564873924620378241e-03,-7.653820460158739653e-03,1.396851202333821915e-02,-8.934382627786534173e-04,6.281235555622737519e-03,-1.395536220055820092e-02,1.317194321355746010e-02,4.425907712377476211e-03
-5.106951028855106003e-03,7.526367453354389572e-03,-5.454043691319970452e-03,-1.281690385981702047e-04,1.883882831119489338e-03,2.662736923793367072e-03,-6.232092968512905132e-03,-1.529165502930638406e-03,2.237418814370548559e-03,1.010635106303451637e-02
-3.316414654907632199e-03,3.459452958666509471e-03,-2.917978156525094860e-03,-4.388274246196623152e-03,-3.115157718731568961e-03,1.185195530107365988e-02,-4.122435816156671574e-04,-4.803063901746979815e-03,9.005615934147139651e-03,-3.305216549676187089e-03
-2.448624400293255947e-03,4.083198787426932375e-03,1.461850671890929177e-03,1.818017313013518431e-03,1.152726390363664321e-03,2.351882776800180187e-03,-1.758846009209626138e-02,-1.513400269336224782e-05,-9.827002609811600134e-03,3.448811758531023994e-03
-3.133119223080970545e-03,-6.854548753489288129e-04,-9.946478527662672153e-03,-6.366324235089327807e-03,-5.256392815151206439e-03,1.638482852029581136e-03,-2.260583284588733692e-03,-5.007619436897327823e-03,9.673282734736478317e-03,-2.482308721564419670e-03
-4.337124423999356819e-03,-9.749295645982068020e-03,3.181520817943117065e-03,8.561178428713570737e-03,5.168587550714323631e-03,6.947423447019404445e-03,1.306432737035656197e-02,-1.440564787500074953e-02,-5.456179789320519773e-03,-8.735500221197281241e-05
-3.194358878038661750e-03,-1.053033689468303030e-02,1.273109328135434105e-03,1.021984677182768454e-02,1.615881536791774660e-03,-3.785509511869774701e-03,-6.649761551453477193e-03,1.319556883940263721e-02,-1.210441651593855382e-02,-1.471842086144333102e-03
-6.956291332859828973e-03,3.871187259836133404e-03,-6.119474087968090892e-03,8.563906336318169096e-03,8.997679096051008907e-03,1.186180180275555555e-03,-1.174385956405011623e-03,6.777944120036000393e-03,-6.052466893632537162e-03,-6.935404222667525959e-03
-4.855743159989575446e-03,-8.799970841821536799e-03,-8.741509002518704167e-04,8.950740661817979324e-03,1.019567730711580349e-02,1.004404670797826374e-02,1.073383691820989214e-04,2.832817725427559229e-03,-3.393787069514082096e-03,-4.185829332296619326e-03
-3.135713032654361462e-03,-2.726996798444165579e-03,1.275531005008449488e-03,1.223807157355063895e-02,3.612640403721628906e-03,-7.168505266802867489e-03,-3.574500586490039246e-03,-2.921774336747154713e-03,4.309164229490301638e-03,-6.093317758341327238e-03
-2.443047617509579768e-03,6.285994315769202062e-03,6.217505416180166625e-03,7.510283068893017569e-03,2.344339624146755247e-04,-4.149394203653632845e-03,3.594215950761811725e-03,-4.891517388433988490e-04,6.963344796934660408e-03,-8.545835342003828359e-04
-2.535385631965648349e-04,-1.795052030928204765e-03,-8.209906320575078090e-03,-9.744566775961907221e-03,1.017433766480943004e-02,6.242206723251914231e-03,-6.102182632527631233e-03,3.918080269292166691e-03,8.289139521582323394e-03,-6.504549945239430225e-03
-2.535407027443951130e-03,-2.984142794185627701e-04,3.212302513682778818e-03,-4.213139958576949881e-03,-1.779032293733247847e-03,-3.215763724964569234e-03,1.597755209585783589e-03,-1.434009327863627198e-02,2.550820211894656419e-03,-5.708460867766712923e-03
-3.038962891308046553e-03,5.459200720492057715e-04,-5.213283675784728503e-03,1.598465818713121038e-03,1.322623839260985389e-02,3.323938721167809304e-03,-2.882226099459322174e-03,9.726934620340786999e-03,6.496563725508970079e-04,-7.412486840004763912e-04
-3.246310177442583277e-03,7.094500254846174874e-04,4.750721999013179757e-03,1.194465297716933334e-02,-4.228231453157804513e-03,7.130757529282450921e-03,-3.226230182649615121e-03,-1.437546923090846323e-04,-1.107804311282463428e-02,4.298975352285310317e-03
-5.044694687473288974e-03,-6.459872555533104944e-03,2.791792614442803900e-03,2.611983372184693668e-03,-1.950440367094737320e-03,9.207189018269492861e-03,7.713478928533259137e-03,-5.815774177769494555e-03,-5.393622857119248666e-03,-7.528069868434692077e-04
-8.662331475784218124e-03,-7.474292222066577802e-04,2.739727671919810117e-03,9.663377910241402122e-03,-4.917603174263011565e-03,8.620733960216568582e-04,5.379993663021884372e-03,-1.329354717933339987e-03,-2.683460650247441320e-03,3.880629709913455952e-04
-6.055038237771145221e-03,-9.578385726511717130e-03,1.541670231219600083e-02,1.520855110664723168e-02,5.775968543634724291e-03,1.075534072286368466e-03,-5.098425341766893611e-03,5.893001656773724957e-04,-1.061318555663772270e-03,-5.832451661020388381e-03
-3.289727912671439828e-03,7.649200246647864555e-03,4.707066622117871309e-03,8.504554436450252998e-04,1.068609563703759417e-02,-2.350796332149343235e-03,-1.024975391984241785e-02,1.540108094893235385e-02,-1.976998906366835528e-03,4.328895524071277941e-04
3.467632774190777464e-03,4.574807022323482651e-03,-7.806449141625430160e-03,4.726491612745724151e-03,-1.595016419669037250e-03,4.919166195933475164e-03,6.657627569430165509e-03,-8.814283844319713984e-03,-5.725879291246608986e-03,1.028691226538925967e-02
-1.093534636072461541e-02,-5.954675249829857742e-03,5.442555048348432858e-03,-3.265287047257283120e-03,5.368384115211693834e-03,8.528096106567736173e-03,-1.141288903204039709e-02,-6.436642063666436937e-03,5.252691979915373975e-03,-5.190040363844660061e-03
-1.445244532842366843e-03,-4.070029068501656785e-03,5.420696399406660544e-03,1.008470996787164814e-02,-7.786860537119419737e-03,2.032361525317990386e-03,1.819348281958451871e-02,6.969037228458707439e-04,2.453299183013613310e-03,3.385450192551883643e-03
-1.093737690528618668e-03,2.291963904359598653e-03,2.689299621323519248e-04,-1.184594637252224698e-02,1.489165916024438180e-02,9.267264890487349541e-03,-3.853766312096190260e-03,5.242572019806345830e-03,2.115229155785421609e-03,-3.660150583192460939e-03
-7.953222136008484882e-04,1.092761277281193702e-03,4.340974923488421199e-03,7.148262972295926125e-04,2.024016325290687191e-03,4.575943248285478725e-04,-1.493987387795450705e-03,-5.859918424317746288e-03,-3.139414520641084592e-03,4.517845919677293889e-03
-1.229637307844006367e-03,6.192525655604931177e-04,1.532210927438236968e-02,-9.529741507167158523e-03,5.325127764696577573e-03,7.439313409933631660e-03,9.789036271748355680e-03,1.761829579161545457e-03,7.772409691775387930e-03,1.973178387012696541e-03
-1.659733627444802753e-03,1.078383623046297833e-02,3.457392969330824045e-03,-5.678504685515144666e-03,1.210589643731798011e-02,-3.845778042955932865e-03,5.271657255497332615e-04,5.839787191775937074e-03,7.762387843910859529e-03,1.742715876991367046e-03
-6.693531316701166771e-04,3.858480724238217644e-03,-7.316683493072214176e-03,6.943807370256288927e-03,4.397511301852598253e-03,-7.976867921413714757e-03,5.184603431437919546e-03,1.712405004374508528e-03,7.445744464251879578e-04,8.540782341609274089e-03
-1.818042428312870162e-03,5.859393635183349561e-04,1.311210167827597632e-02,9.512036271738110935e-03,-1.683972912026713079e-02,-3.227679810647969983e-03,4.281771439842215789e-03,-1.569241235965692163e-02,1.162507141489155411e-02,-3.734242064284827925e-03
-3.886569803200020257e-03,6.393657365204269243e-03,-7.471161055374879630e-04,-1.565114520389812580e-02,-5.840079454565522132e-03,4.965081223823895711e-03,8.892397626396779733e-03,-8.412923699659929921e-03,-4.621058597496818451e-03,5.700954706656775894e-03
-4.577541578038200713e-03,1.961763386178917452e-03,-8.503567079220815741e-03,-2.369862538928619970e-03,8.263377328880104275e-03,6.668487495757863433e-03,6.290254391399728064e-03,-6.316549716368471783e-03,1.944037094946518118e-03,1.098090854900841441e-02
-3.824903985198020544e-03,3.348295369914923610e-03,8.751515939095511065e-03,2.358156363714036460e-03,6.761233443541047813e-03,6.087135398397312998e-03,-1.153173920093240011e-02,3.755071349026931071e-03,2.010682922745116175e-03,-1.970019410465472312e-03
6.911224300540760781e-04,-2.930639105171750939e-04,5.350314385892228873e-03,-8.692023166567206102e-04,9.940421572515751453e-04,4.895244727337771593e-03,-1.223358952485551626e-02,6.304080034554123552e-03,-1.115154639235605219e-02,-1.116837043238559646e-02
2.513456048679363342e-03,-1.869600265679369905e-03,2.792597752754844963e-03,-2.511911648895037718e-05,-4.340587198447158797e-03,2.400455664920239651e-03,4.706761129506247150e-03,1.709654853795401471e-03,-4.922924394354988298e-03,-8.146855775766391819e-03
-2.817579730956008138e-03,7.996184926318697459e-04,8.190371302038758697e-03,-6.578756611453858739e-04,-3.701119766152752462e-03,-4.853053743087786150e-03,5.472652615804533827e-03,-8.251463811943941448e-03,4.724469452566831471e-03,-5.736189367346475549e-04
1.199548561184205511e-04,-8.722725189004550475e-03,-3.278802478720323731e-03,-6.192887117753761821e-03,-3.135050670694173279e-03,-3.745954729515013626e-03,2.407832270641893386e-03,-1.764744561227233255e-03,8.871338521398009283e-03,-5.004700342734547721e-04
-1.607832242077409995e-03,-4.029778288192968974e-03,9.547662565713287142e-03,-6.318484658648614027e-03,1.750036713860316298e-03,-2.330385258352337275e-03,7.224265688571141625e-03,5.612363465370306947e-03,-7.547101324996508508e-03,-8.574464504917628932e-03
-3.913735750224104845e-03,-7.479347442470386841e-04,6.756595471823699690e-03,1.235368562287234962e-05,-2.630614785963852030e-03,-2.883790114919011077e-02,7.889160668043026375e-03,-3.097296453291885181e-03,2.006123041262427090e-02,-2.734884432869586456e-03
-1.508333102336323166e-03,1.024608849441547686e-03,-3.926575604661779705e-03,-1.804612824232921424e-03,-1.436762949755269331e-02,1.046917294900986777e-02,-7.041575340315386553e-03,-8.485599281385700467e-04,3.726900113849290893e-04,-4.670183689014849142e-03
-9.504508184082381336e-03,8.744531638252834096e-03,-2.600597146421632696e-03,-1.472448641601424579e-02,9.162851167920212092e-03,1.346251676957864463e-03,-1.573806174758382234e-02,1.988676441255375973e-02,-8.417724591050914501e-03,7.222659167634860183e-04
-4.871031783897409283e-03,-1.493154460281897154e-02,-4.005350439459154691e-04,2.908615066447187408e-03,1.842957588430743990e-02,-1.563999156483427072e-03,3.940160769814625083e-03,-1.701589440969765790e-03,-1.021400434902382118e-03,-4.841602407000095924e-04
-5.695685835180422027e-03,-6.864327867636558882e-03,-4.433813663246230496e-03,1.630788536812780021e-02,4.557288203322074072e-03,-7.394558833976951377e-04,-5.167090888698005861e-03,-1.304973694749541387e-03,-2.649503107687136653e-03,9.881355223669624141e-03
-1.860803486274719559e-03,-1.481610541982331108e-02,8.792611347925527454e-03,5.785400138139782170e-03,-8.641670220223662824e-03,5.403749086920229270e-04,-1.254248098473187238e-02,3.107016401035443123e-04,5.184386571649633908e-03,-5.941858354049501904e-03
1.766998670902603747e-04,-1.177839920709505307e-02,1.858906087164512383e-03,-3.328110248877767796e-03,7.981784975451046774e-03,2.289431372521639162e-03,-1.398520596048974385e-03,-3.493822066800226361e-02,1.918010949539731506e-03,-1.267329050230704170e-02
-1.917142068432610208e-03,-5.877268845078918898e-03,-6.812088613691514270e-03,8.657372340855262402e-04,-3.256983196507497527e-03,4.788598273632965058e-03,1.746168162954461756e-02,1.190980258125027245e-02,6.598278483969069637e-03,1.473903276445853207e-02
-7.265799611330828710e-03,9.181690946986965571e-03,-5.904576588220466181e-03,-8.343055968200030828e-03,1.565348818048675414e-02,-1.134355418435048155e-02,-7.836714760169603312e-04,8.879967535195648978e-03,-2.287572438850116706e-03,-2.734168840835422831e-02
-7.610615618568920306e-03,-7.291341647758865004e-04,5.071718688872156898e-05,-3.836504741420501945e-03,7.938985136021486574e-03,1.696702437461740029e-02,7.702588457301176757e-03,1.176423581904609099e-02,1.968877589742791187e-02,9.391403104559494300e-03
-6.434121824538612845e-03,-6.511048185173395030e-03,1.159264034095154258e-02,9.339793647424425582e-03,6.437487293439299318e-03,-1.492880323272512480e-02,1.675941762296854695e-02,-4.553816543052950291e-03,-9.643149659993507927e-03,8.565161970317508588e-03
-1.079725307500120114e-03,2.152552076410063023e-03,1.213090928508699443e-02,-7.471164346931820702e-03,-2.193192248208140731e-03,1.647788968697031084e-03,-8.451986923053180639e-03,-2.493230966725774010e-03,-1.539962809404590502e-02,-3.384434468831811881e-03
-6.151872255351389408e-03,3.126284213908852010e-03,1.284450285532208642e-02,1.445034809682084823e-03,-1.184530048876943596e-02,8.255521554936071094e-03,1.090410004065344189e-03,9.764759242506908243e-03,6.697492121511341989e-03,-8.784424053492317225e-03
-6.926372779069682982e-03,-2.994524202169186917e-03,-4.913238140235489347e-03,-1.917149408315179347e-03,9.328999285113225709e-03,-1.051755139120230838e-02,-7.104603087374594672e-03,-1.597112097131423575e-02,8.334338152096552529e-03,-6.410685798489230633e-03
-6.775317042647626201e-03,-2.204226124368654366e-03,-1.580491696779817018e-02,4.075027730595848739e-03,8.861972779832423541e-03,-1.502856541322348562e-02,-1.091453500532313034e-02,2.226015554293311362e-03,-3.233260779842412821e-03,2.236828505443311937e-03
-1.233637378757023893e-03,-1.592217606470972338e-02,9.667054710693416889e-03,1.172180685442198063e-02,-4.900202143447676684e-03,1.894044731290798426e-03,-4.876362101175537971e-03,7.583072219045611890e-04,-1.254657950443088810e-02,-8.068786743624930397e-03
-4.967669280874241478e-03,1.133593950231348915e-02,-5.147063616069421504e-03,-1.970463331986564964e-03,1.242886899802766489e-02,1.231766750818222723e-03,-1.148285499741163139e-02,5.272408836854251823e-03,5.426519188954499924e-03,-1.992551704876911051e-02
2.760127907357436822e-03,-7.182039487274480619e-03,3.798101603373251010e-03,4.460374646199906541e-03,5.847280595078167137e-04,-3.562923047171496702e-03,2.301265483089118442e-03,-1.153612772135917570e-02,5.695972051243801404e-03,1.164177397119969468e-02
3.417334072777221052e-03,-5.776795298358151053e-03,1.230938744734794664e-02,1.073195250175959514e-02,-6.317922325244245720e-03,-9.728093169886483510e-03,1.708227581211016694e-03,8.845595702960618034e-03,6.631247093939355262e-03,-5.131125605361150366e-03
4.719784366665361140e-04,3.570036680711471196e-04,-1.470032247779318136e-03,-1.181049893843598604e-02,1.655666396211250349e-02,8.926231901995271625e-03,9.437713781608273247e-03,-7.984340880989334796e-03,1.604826712557241158e-02,1.411933957379628117e-02
-1.698507012062076306e-03,6.404165092788494627e-03,-2.532426624162993373e-03,-7.374520998548657683e-03,5.934933609471696944e-03,2.946703273510775396e-03,4.068038733501242767e-03,5.299631315176617403e-03,1.079299615992665093e-02,2.072204672387091117e-03
-1.462891961498871858e-03,2.402999002602849207e-03,2.105861566776465275e-03,1.836137703214444500e-02,-4.772713953023790569e-03,-6.544591017427754329e-03,-1.061893504283120682e-02,2.013783276815130172e-03,1.129081603142280356e-03,-5.478212372146103529e-03
-2.450053966925383291e-03,2.110526881517786005e-03,3.934860839858944637e-03,6.175084861846012914e-03,1.203029007876767545e-02,-9.609649901134222419e-03,9.572543710490415830e-03,8.739309055166434581e-03,-2.761886851088898431e-03,2.508351943654044906e-03
-3.899180180215569384e-03,1.241983363144581222e-02,3.740548252210487527e-03,-6.063408635536449154e-03,1.352394546040927049e-02,-1.664061842785909085e-03,-9.867358364194582163e-03,-6.074942453344072844e-04,-5.502092375701167319e-03,-2.808335053623459317e-03
-5.469305245343586419e-03,4.859016731135389934e-03,1.473367669256538462e-02,1.069510132772018805e-02,-2.927969442509734794e-04,9.038278166968803651e-03,3.121993962088397221e-03,9.058860434710696435e-03,-9.020957804154787485e-03,-5.577655862884577098e-03
-3.160661604724292282e-04,-3.687871609607849561e-03,1.624396847895079408e-03,4.230754829509665582e-03,3.381497793133458885e-03,-1.102183176243408912e-02,-2.772693258826289513e-03,-9.751552331250174996e-03,-8.772705241558955347e-04,-1.063236943186353410e-03
5.810353268004651980e-04,-4.333915582289059559e-04,2.106307174841450663e-02,8.899951642140198349e-03,3.206736599134024038e-04,-4.434509482411926919e-03,-7.381036727091847341e-04,3.562553826628068066e-03,6.140704488251549735e-03,-5.942454292698163242e-03
-4.644570235593574806e-03,1.049259200884868071e-02,-8.690796476774826848e-03,-2.005694534499470431e-03,-4.646599835897616271e-03,3.468332501769321157e-03,8.329794033475484277e-03,-1.125676372837741408e-04,1.500655127001072203e-02,3.008007959461044510e-03
-5.871419956018006196e-03,-3.884083283793421035e-03,-7.989869726992520141e-03,1.215481197771738076e-02,-2.038812679776083603e-02,-5.270106083468871667e-03,5.209569530389391526e-04,-2.187122204594215379e-03,8.617563777635488947e-03,7.168226284836843112e-03
-2.937106886448484153e-03,-1.442079909038095423e-02,3.922152184794760045e-04,-1.344422882179571038e-02,-5.394770791666050327e-04,1.426764942315249425e-02,4.101303101269329447e-03,6.224872922655435778e-03,-9.348082387465537699e-03,-9.633601769270593723e-03
-8.913027815986521857e-03,7.070556164967187023e-03,3.133613522495676436e-03,7.111266196344174194e-03,5.417867857728872341e-04,-9.967475458257301843e-03,-4.771507823747894901e-03,5.857415254677617034e-03,-6.522573195841657387e-03,-1.130031748499831651e-02
-4.935799831353463764e-03,-8.322104075543639576e-04,-8.542993221763182932e-03,6.717618216822188529e-03,2.385047118439396260e-03,7.589332304827479080e-03,8.058345135418473054e-03,-3.878878538739827589e-03,8.402705992289420667e-03,1.778689882207837303e-02
-3.640025297375338621e-03,1.847729028262442078e-02,3.059909487152326704e-03,-3.130483652319449202e-03,3.888005747108263209e-03,-8.134857120747223530e-03,-1.762200674047617209e-04,2.390894783017040275e-03,-2.073401551979781737e-02,-2.748420398023069915e-03
3.004435506129354372e-05,-2.085525070785087826e-03,2.296024405014439329e-03,-1.306882080486169995e-02,-7.107607613233342739e-03,1.147152317969307028e-02,8.345052994703122326e-03,-3.655888494592340974e-04,3.306016610611277849e-03,1.514346008908440053e-02
-3.724163715829060042e-03,1.239615745879120261e-02,-9.705347569016813071e-04,4.002672433481874181e-03,-4.133248382072938348e-03,-1.446635527532281855e-02,8.961132196865493650e-04,1.549935825441861896e-03,-1.956630073086780552e-03,-9.582371518355363525e-04
-8.916399764085741059e-03,-9.029643782000745800e-03,1.531370973087985490e-02,-4.638181790883191304e-03,1.503836844842845917e-02,6.376017396250060858e-03,-2.578223763971992152e-03,9.919961096683568846e-03,8.342065363538530079e-03,-7.225397861392242847e-03
-3.607045409122062746e-03,-8.479328860983797664e-03,5.586273872541974543e-03,-3.575087920460254687e-03,-1.594049970952990739e-02,9.459246501045548081e-03,1.311522562024309765e-02,-1.220148940633106367e-02,-9.311995789020253642e-03,-6.473131819931751858e-03
-7.941872903432831143e-03,-8.573451566325891726e-03,-5.549498194283891857e-04,-6.923873262260567089e-03,-2.422701722002597172e-04,1.664539941721756428e-02,1.122806002184853491e-02,9.498662264809441466e-03,2.091520264122544073e-03,1.571683901543316280e-03
-8.921047847246970156e-04,-1.400579993763505227e-02,-9.571311108522106981e-03,-9.933024993122692090e-04,-6.351416897740829078e-03,6.450410350293426381e-03,3.948033955471700121e-03,-1.460774584499023414e-02,-8.218147656543722465e-03,-4.393490905617831489e-03
-9.761521312889423789e-04,-1.040183562016626460e-03,7.927824195231899639e-04,-4.817214601585515128e-03,5.901280624220552919e-03,-1.439810348067698670e-02,8.426449261713282041e-03,-1.373571862086659864e-02,1.358522755188585306e-03,-6.508437620026633931e-03
8.098496460813255559e-04,-1.153687338865429929e-02,1.046798842039907028e-03,6.947193815492434810e-04,-6.836805383083804748e-03,-6.630108542706010348e-03,-1.134243178334301593e-03,3.645126810947567179e-03,-8.844294600780145191e-03,1.098397006996935932e-02
-1.780369666183099966e-03,9.628463727855014406e-03,-6.412661602599813854e-03,5.653341060791079731e-03,-1.284320679909877784e-02,2.349656512128692632e-03,-7.913667634526919820e-03,-1.342906652439413567e-02,-1.347885229688323798e-02,-1.503549399120991149e-02
-3.283813760960640864e-03,1.984771896621160756e-03,-1.209904359889084520e-02,-8.304983249344590271e-03,8.430719455176911500e-03,-1.163032858553002778e-02,-8.404379403895585396e-03,2.191498541809100680e-03,8.116701409975052642e-03,-7.122914227876498208e-03
-3.024188085638031091e-03,-3.277624698444097512e-03,-5.232490772025658911e-03,-4.745188244080633319e-03,4.877504454071001673e-03,-6.208679095667594440e-03,1.151640690424492880e-02,1.379849862619044951e-02,-6.860933897483695483e-03,-1.008023748379926685e-02
-3.899763708765762327e-03,7.640699807616788261e-04,-8.583274834376205392e-03,-1.171375457812429306e-02,6.979719551710143396e-03,-3.751633251759077872e-03,1.329422343333786817e-02,7.019573497009081765e-03,-1.308259886781063148e-02,3.430167735776331272e-04
-5.287637745467366202e-03,6.238090653135337435e-03,-8.336568307491153129e-03,-5.532903066279386967e-03,-1.373468179483584546e-03,1.315798849900778411e-03,-9.898850008628116287e-03,9.067701069661655844e-03,3.725022719443752545e-03,-7.533648265379662250e-03
-6.752380865663078213e-03,-6.041193646436112362e-03,1.818651046546902739e-03,-1.634757359006141575e-03,1.445905618786699071e-02,-3.205426890528860658e-03,8.336544747004782235e-03,6.373650248511325035e-03,3.152573157650442274e-03,4.824945543269123019e-03
3.403461098081413637e-03,-1.835261353235128137e-02,1.266023085170771625e-02,-9.341590643334061680e-03,-9.080768012694381483e-03,-9.230103564540067390e-03,-5.751570197066339929e-03,1.587172827629461727e-02,-1.330777872081437881e-03,-5.514767871251224224e-03
-5.443512489957781121e-03,6.820534389916789453e-03,1.233908283876694427e-03,5.604670839127104788e-04,-5.585833228175345055e-04,1.428048966005497720e-03,1.108865498181486626e-03,2.311900538121189948e-03,1.339006901651531439e-03,8.575398527977855581e-03
-3.251105968725766064e-03,1.667191498196779996e-03,-1.922745329984230575e-02,-1.320791491146479889e-02,-4.984020019932788523e-03,-1.180891592367822908e-02,-8.470250845404099505e-03,-9.921668017495870878e-03,-1.133918801342534248e-02,-3.694264442885761539e-03
1.654548525799625128e-04,-5.930751436746384449e-03,2.117674464382365786e-04,9.223222853833104584e-04,-1.503521124955898604e-02,-1.136175956243184841e-02,7.713448032132691826e-03,-2.270347129226245406e-03,4.533657296410783036e-03,8.264394755167039572e-03
-1.031792395260928280e-02,3.137771491295818921e-02,2.628374365338292983e-04,-2.072083256009603011e-03,-5.229838547280207806e-03,-8.725582761863387438e-03,-1.663803063118845377e-02,4.716892606320189675e-03,-4.674352021732039453e-03,-4.002495589930986017e-03
-8.140290584848672642e-03,1.653197391804821920e-02,4.407603492052485951e-03,6.533532138660994894e-03,-1.666216678046072942e-03,-1.561401006317146480e-03,-2.112952880566370054e-02,1.861305974815184467e-03,-9.897460782592001904e-03,5.607049642767779341e-03
-4.709152745902707091e-03,-9.374679148307977355e-03,1.519088521390260169e-02,4.492823174093483508e-03,-8.945696880078731622e-03,1.290550039533963980e-02,-4.587730327901967664e-03,1.155202540263907014e-02,-9.485202448027835187e-03,-3.014406489054371075e-03
-1.520901112542143857e-03,-2.403641477606071122e-02,1.809447435945007662e-02,-1.045354482649349034e-02,-8.201864961128143769e-03,8.479514518910141047e-03,-6.994652705135805289e-04,-5.730719272357812956e-03,-1.163604257270817524e-02,2.130538625386345364e-02
-3.231431886423092367e-03,5.223731803878100925e-03,1.390380059280041380e-02,-2.202467175663549298e-02,1.030008385582819978e-02,-2.107671593791289252e-02,-1.030310681621579919e-03,-1.362061827614428379e-02,-2.355755631712384141e-02,-1.073749001500168840e-03
