-2.637091097875951962e-03,-8.431261895654986599e-03,1.153553966925159168e-03,4.468748189965818934e-02,7.918100281078478686e-02,-2.177219038054570635e-02,9.932406491297397777e-02,5.080890480186846248e-02,1.110638632764803096e-01,1.012689262523973517e-02
-2.645562615522224943e-03,-3.150656017911811300e-03,-1.940472153182061857e-02,7.115605468381014376e-02,2.464143626658310895e-02,-4.632688010180215088e-02,1.143915177789455069e-02,2.201446239594560469e-02,2.062405466098644335e-01,-5.022309008642692613e-02
-2.636296428914324409e-03,-1.199337179353141165e-02,-1.423875018378214369e-02,2.960546097222541487e-02,2.183736581806111285e-02,-1.163691222571712341e-01,7.657986275831382694e-02,1.039736258468497258e-02,1.306781767182296217e-01,-8.302457249386489824e-02
-2.747816391251480580e-03,-4.192276152390447472e-03,-2.160262602889476656e-03,4.878247800380049182e-03,-1.539911561434570073e-02,-7.232505958467223828e-02,3.859699400572793454e-02,-1.888928548794242129e-02,6.899697177286380489e-02,-7.012006232451327425e-02
-2.737988392506128087e-03,-3.472712343909404621e-03,-3.719648341555328169e-03,5.639187551917508590e-03,-2.214433853548571085e-02,-6.828787132161937001e-02,6.606011939370491637e-02,-1.269352517517509035e-02,7.408651495239253204e-02,-7.622638614109869537e-02
-2.643174992587583611e-03,-6.546287946804198003e-03,-1.542198438302549643e-02,3.946250844474679526e-02,1.296484163040592143e-02,-8.110013391340846478e-02,9.980341930979196030e-02,-7.088279309358833102e-03,1.250586237596493233e-01,-1.215187351935575893e-01
-2.650203836935195040e-03,-2.580240165731711912e-03,-2.536634666952490916e-02,6.276909119095881728e-02,2.920675371786640370e-02,-4.572112627065725438e-02,-1.165589358486868003e-02,4.017840373590919612e-02,1.198014759187838868e-01,-5.320552009593369075e-02
-2.640891485067263077e-03,-2.722835613083350939e-02,2.454788471106113951e-02,6.561846286483467849e-02,6.329330074352917945e-02,-1.875371854871855926e-02,-4.168078939781585945e-02,-4.524437909055514795e-02,9.228796830466078072e-02,-1.781287232609089499e-01
-2.519493377659153769e-03,-2.815605731439571255e-02,3.386515001286530963e-02,5.305458932771418834e-02,5.234554319107322107e-02,-6.101702494023980572e-02,-9.044734019713115275e-03,-1.760799859394191966e-02,8.879312994326397923e-02,7.619603362137344904e-02
-2.422687802237900867e-03,-2.525136875684379917e-02,-8.922177373381421153e-03,5.610459827972433949e-02,4.641836628958865424e-02,-1.017848255483155134e-01,9.589425089559364124e-02,9.505954417100485887e-02,-1.263004148101423973e-01,1.420945874288916388e-01
-2.539752652535844524e-03,-1.776400743222069506e-02,-5.905057792002545158e-03,7.337810413352350777e-03,1.585851989800837400e-02,-8.573912169112246628e-02,-2.649481081749063133e-02,5.771719983405634163e-02,-2.091342106927633337e-01,5.140942857262290749e-02
-2.583193816585253530e-03,-3.612331538657857083e-02,5.629844215664857668e-03,2.414406133962846476e-03,-3.042495225122233624e-02,2.297188645794578238e-02,1.103951976581554473e-01,-6.864518796207239038e-02,8.265189137685727272e-02,1.480825531563635944e-01
-2.627861896317485076e-03,-3.303956076693756461e-02,-8.279234754206473215e-03,-1.288252885277219387e-02,-2.331073602716597984e-02,1.773706951529124137e-02,3.660411580800341375e-02,-6.182497718066599923e-02,6.108823594925301068e-03,-5.349194351768036398e-02
-2.558975128992612390e-03,-3.232719811633261164e-02,-6.440256955549387985e-03,1.190954861474211902e-02,1.886465857395704104e-02,-9.982386878445628775e-02,-2.935689438430231710e-02,1.075585780933938779e-02,-1.783722439851560260e-01,1.321010429168195111e-01
-2.434529538221280858e-03,-2.611530181198679773e-02,-1.716068116561000889e-02,9.567907919520070303e-02,7.709367470674498291e-02,-7.082547235539435326e-02,1.110456004839606159e-01,5.764175331908148042e-02,-5.008152693290000845e-02,9.647012574192656564e-02
-2.534905574751549363e-03,-2.814104570678946024e-02,2.342133739123067326e-02,9.151701679797231981e-02,4.069346991326417556e-02,-7.829231411700585119e-02,-1.799105907666654069e-01,-2.434826286995499592e-02,1.163064743347831664e-01,-5.984145774814439434e-02
-2.506206548073077345e-03,-3.222073802951683219e-02,-1.992754801216884905e-02,2.992132937250538416e-02,-6.135310510572146436e-02,7.662168497185420021e-03,-7.630432508276797920e-02,-8.127968404499179289e-02,1.262661666267356209e-02,9.197864475979977694e-02
-2.513255725145670336e-03,-6.871490068873512208e-04,-2.298093477677763674e-02,2.722677729414491737e-02,5.107731013658662472e-02,-7.279706222671117333e-02,-3.276668470917100395e-02,-2.817315448965179367e-02,-3.073810416510678462e-02,7.556972877168663394e-02
-2.553239484607220788e-03,1.459725829961989801e-03,-1.852309592820783682e-02,-1.927901419171510963e-02,1.226945069884767536e-02,-3.993129185531733155e-02,-2.658696089224000039e-02,4.075498705747233885e-02,-1.292132561834133777e-03,3.371299854973117127e-02
-2.490247044592529876e-03,-3.798943320869700019e-02,-5.045300388018891108e-02,-4.257502522450460486e-02,-8.863877517888973934e-02,1.622023126758768696e-01,8.654852014681980663e-03,2.058028150564845601e-02,1.811477073737562463e-02,1.055545385455505941e-01
-2.504391548441921994e-03,-2.572152352096475705e-02,-3.048338174670109368e-02,2.521287694508409644e-03,-5.943287274857838448e-02,7.238000294243415733e-02,-8.119339822973570264e-02,-6.497930061601721319e-02,4.875888402240213804e-02,-1.051382572854649422e-01
-2.535261468230753674e-03,-1.298191833102604019e-03,-3.467938192133034753e-02,-1.303212892617694636e-02,1.492108554383008052e-02,-5.313884362456929716e-02,2.982477866503080791e-02,3.531838425420623373e-02,-1.038922184693251705e-01,-3.497982991693133602e-03
-2.569897268194979920e-03,-6.322927085352056907e-03,-1.114496399892165625e-02,2.185790481222517085e-03,5.430733944581971062e-02,-5.175288349526965120e-02,-3.559286160669581506e-02,-1.578819245110675215e-02,-1.065578843660590358e-01,-6.126724074077320725e-02
-2.551616506717561614e-03,-3.957197385183801319e-02,-6.280414740154401532e-04,5.570411379466925356e-02,-7.417810027738438658e-03,-4.783259987764243437e-02,-9.362053919094166787e-02,-3.340059472390829315e-02,-2.514976320237280114e-02,8.701942114696314956e-02
-2.628238452325686210e-03,-3.494448984693273447e-02,-1.707428626805761532e-02,3.964737665868358144e-03,-7.293311911810643200e-02,9.386696766723282015e-02,-3.477415492094539790e-02,-4.819297754011292456e-02,7.437494282819584468e-02,2.558027863176361161e-02
-2.673985246439649320e-03,-1.309096134249036932e-02,-2.987144129266858239e-02,1.523446982051423690e-02,-5.440568848316142819e-02,5.901706645445864430e-02,-9.483018232700249350e-02,5.878296315308732811e-02,2.370358433187649480e-02,-7.499580125770592687e-02
-2.602055857095348507e-03,-1.346854818058467775e-02,-2.265023175900203467e-02,-3.292400469182341777e-02,-6.120036526967068818e-02,2.431440923895018119e-02,-5.971484483998643067e-02,4.152273241874104848e-02,7.482427599685210172e-03,-5.889353946603345658e-02
-2.555656112240573073e-03,-2.667479482685770897e-02,1.564841706766793156e-02,-7.416324374621034721e-02,-7.922002004352218796e-02,-4.400005685036174723e-03,1.251504610254836891e-01,1.040723432484024283e-02,-9.568778120815645688e-03,8.596225416778474626e-02
-2.556359510369682082e-03,-1.698108430834207802e-02,1.373763794476022711e-02,-4.610481972939416834e-02,-5.229955972955620952e-02,-1.107645344195391096e-02,5.449185245924580839e-02,-2.185258450600417734e-02,-4.270548989476712076e-02,-1.046531271274213221e-01
-2.566413822800529560e-03,-1.883241623087165278e-02,-1.532601213605101591e-02,-3.615460805726107563e-02,-4.234972499399137363e-02,3.794081995802785212e-02,-5.350630208124469017e-02,5.817102531161740669e-02,5.232927900357102480e-02,-1.286303556294365324e-01
-2.667763167017100749e-03,-9.887220730662855256e-03,-2.454978933646561820e-02,5.220626500363782438e-03,-4.301489739442326821e-02,3.428115131487502465e-02,-7.363829766627831563e-02,5.369333564912777412e-02,-7.679745581362750449e-03,-4.317398149864708212e-02
-2.638682212926300556e-03,-3.270743491094871974e-02,-4.422682711728554393e-03,1.602705528297461088e-02,2.248605877816638697e-03,5.478079256155104354e-02,-7.069808467793776974e-02,1.145754795358684686e-02,-7.010041683150346203e-02,4.415121112406364401e-02
-2.697213034310274194e-03,-1.192980486355738057e-02,1.346835974651675559e-02,-3.697947274285432948e-03,6.387270019273445787e-02,1.098149626342877772e-01,5.290370894542006236e-02,-5.271528122141137113e-02,9.389528066091326619e-02,5.570158822033817458e-02
-2.738241347692831323e-03,-1.444598499274490737e-02,-1.315472327316685383e-02,-9.695683127323750580e-03,-4.039301852575200719e-02,5.834069878101934975e-02,-7.511587073768452409e-03,2.195408826490034132e-02,-8.650036730642972349e-02,-2.423596961470754485e-02
-2.596525091615613234e-03,-1.290384610808146051e-02,-2.100980940435365207e-02,-4.670447173117561745e-02,-2.027855325285835356e-02,2.463864137982549676e-02,3.191398551873037698e-02,9.006890318008363427e-02,-6.882448187522946514e-02,-6.342952883705539960e-04
-2.484204156590569777e-03,-3.511718812859459474e-03,-1.487429767652495355e-03,-3.329465023599603030e-02,3.615382844147171926e-02,-1.939882587017373317e-02,8.243209423467537378e-02,3.730025791792252604e-02,-9.695150711183830872e-02,1.293844919730109955e-01
-2.539747507809794400e-03,-1.416332321651108056e-03,1.159855483016494207e-03,-3.158700817515873449e-02,4.462017765209818493e-02,1.544716024668767174e-02,4.437257101942410076e-02,2.439614814321612243e-02,-8.167285640134892832e-02,-4.902003999051573330e-02
-2.612456134388917075e-03,-1.869248116262780743e-02,-1.006154905921036700e-02,-5.737916009068907280e-02,-2.048653899349055577e-02,1.973491866647701654e-02,2.376634136745620074e-02,-1.056689094627136807e-04,-5.277102803829850780e-02,-1.068013045748744255e-01
-2.746592895238534303e-03,-1.049568549025776086e-02,-1.321736531937891743e-02,4.562371641506876227e-03,-3.260094478889354747e-02,4.244607143032620017e-02,5.370027240971068927e-03,1.461758213902456839e-02,-4.587542577176596803e-02,-1.023223322514902993e-02
-2.709978148902579976e-03,-1.548119837831801217e-02,3.049867395449182977e-02,-2.615280674230221775e-03,9.921400279600066374e-02,6.215203008771383320e-02,-1.853283743420036656e-02,5.084948679666192323e-02,-2.056314631366217005e-02,5.859467605708298943e-02
-2.662602247865209285e-03,-1.428443749497654465e-02,6.438428623172984255e-02,1.889573541959915781e-02,9.353308707908164488e-02,9.766598668922506221e-02,1.217724886928210903e-01,-1.060954694481097277e-01,4.214941570421824879e-02,-3.500167987431680727e-02
-2.686990132459636353e-03,2.685825530570157878e-03,1.094847461400579557e-02,-2.742633588880620879e-02,1.203667640044616023e-02,3.766102578925775018e-02,2.465110208875853984e-02,3.411379901427975814e-02,-7.436031665254580481e-02,-1.386953392074283808e-01
-2.520807595708728348e-03,-1.596636624218666792e-03,9.475951815127456671e-03,-5.332224150037971622e-02,1.765711988980694577e-02,4.268523857346741973e-02,9.330116682485936619e-02,1.277197091253132466e-01,-3.048947499761231472e-02,1.528015759233604214e-02
-2.393585479006411082e-03,9.954818207937605329e-03,-5.476743390663727125e-03,-6.193056066106563534e-02,-9.117352552282206521e-03,4.971815904731593768e-04,-6.380071157537832438e-02,1.983937781185333427e-01,1.448444109734394747e-01,1.601340909350472408e-01
-2.450496974245282896e-03,2.103415873352452396e-03,2.941175354438288828e-02,-6.506740270185563946e-02,-6.933540235401813683e-03,-3.727143465054730959e-02,-5.963627090326141522e-02,1.131653845610621906e-01,7.464218381951638615e-02,6.302038611438558202e-02
-2.573827390817035737e-03,-2.898917101341206247e-03,2.211803159043477379e-02,-7.350180844980272465e-02,1.024602858092309686e-02,-1.260563399058184549e-02,9.138028685664151274e-02,2.276691323157954000e-02,-8.111583787005606505e-02,-1.267777647268189811e-01
-2.694266762232739882e-03,2.045986391411539537e-03,2.978380843464392604e-03,-1.397892612301044821e-02,2.206085147581280520e-02,1.166718074437934557e-02,-2.719778649016042077e-02,3.170715495518135890e-02,-8.275057113796618902e-02,-9.658187046748423210e-02
-2.686746378292193850e-03,-1.091355867806589539e-02,4.274109108189591555e-02,-2.226170805896152821e-02,9.254666867955697873e-02,8.612973357860156942e-02,-1.053702384254024023e-02,-2.573084569599631832e-02,1.514609066908850256e-02,-8.703030398899330722e-03
-2.631851572262171399e-03,-3.943810731964477595e-03,1.056693710202954162e-01,-4.509794932437535299e-03,2.322484376009799345e-02,-2.023754022054470927e-02,2.037729605141459441e-02,-5.665815259819206992e-04,-1.004695095686329587e-01,3.736024875949146146e-02
-2.676820279482818726e-03,-3.086634661157535396e-03,9.882385695072176506e-04,-2.761911464231067356e-03,3.185897615998633386e-02,4.179678214721786050e-02,2.469791634221754281e-02,-7.230979301887013877e-02,-7.044734061371123179e-02,-2.021786305593785762e-02
-2.544203273748845730e-03,-4.561726088478055934e-03,-3.602820355143056957e-02,-5.230624926859794854e-02,4.395863104072848804e-02,1.166597280230600477e-02,-3.795057117471147944e-03,-1.200263143533932264e-01,3.428213492950280689e-02,1.024831531336268566e-02
-2.476627757039318728e-03,-3.449855838157725994e-04,-6.276309340670986614e-02,-1.137117036351778659e-01,6.129565615830907810e-02,-5.462277866198191750e-02,-5.321479885994379738e-02,-1.246654542612220529e-01,1.182847316781806685e-01,1.246503919553879625e-01
-2.514048542955069424e-03,-4.788623637295644740e-03,-4.526956713702004476e-02,-1.031330745787419068e-01,1.774032606274866461e-02,-9.793122598720657712e-02,-4.767610677908267619e-02,-1.281339250791941053e-01,8.504629454813356082e-02,3.407315755963988974e-02
-2.623670435778939665e-03,-9.322165965025315179e-03,-1.688690923046855252e-02,-1.750634129630513833e-02,5.350944691946868392e-02,-1.651146174724152718e-02,-2.302253628170869426e-02,-1.113635228660861398e-01,3.725126423070725112e-02,-8.222354379567952884e-03
-2.674256173568062556e-03,4.960386671741133426e-04,-3.961904780469201887e-03,-1.133059671131177865e-02,5.432353409006069472e-02,1.636984480619508089e-02,-2.034382653756519610e-02,6.561754261949218070e-02,-3.284136354476030473e-02,-6.114574030308269487e-02
-2.664762218373377314e-03,3.500557679717162716e-04,8.456526004554840159e-02,9.603718870931796103e-03,-1.976564859793717658e-03,1.618413723384123622e-03,-8.540250852930444253e-03,-8.735781012159794801e-02,-6.593320182509707084e-02,4.123902547182264899e-02
-2.571626245923389325e-03,4.494686193465766968e-04,9.679653049552099098e-02,-7.713003180483232746e-02,-2.800853269982137017e-02,-1.640574505920956994e-01,-9.399650331202490106e-02,1.223492516082780868e-01,4.376638658716316965e-02,8.391964421372539312e-03
-2.661097226220663584e-03,8.454966085408468016e-03,4.924206088004531162e-02,-3.490223574087394573e-03,1.891067206167455772e-02,7.194585558046998064e-02,8.053503398185743456e-02,-6.128096056852207901e-02,3.877795135815723798e-02,3.789178171301507692e-02
-2.673520890072714727e-03,1.341023333617801785e-03,-3.670974914801719557e-02,-2.723752026921229252e-02,3.692223631611583207e-02,2.625907782460104242e-02,-4.490244072498890404e-02,1.011302225837542451e-02,-1.398276400328750668e-01,1.368762506590888786e-02
-2.647249218043183725e-03,1.223631355882663467e-02,-3.744581244617803395e-02,-2.824966566681268512e-02,2.330318532084713155e-03,7.620373050096392042e-03,-3.885533842402912746e-02,-4.069589890195186854e-02,4.763393516518231452e-02,1.695704232964362346e-02
-2.667360412867485122e-03,1.274534402821014822e-02,-3.571749508914041221e-02,-3.809159448193617098e-02,-3.441876427141533912e-03,-1.212238826290595872e-02,-2.648345927878711925e-02,-6.256012476497574415e-02,2.327407714643918088e-02,-9.213340161722684274e-03
-2.705505955325846184e-03,3.527887050170318804e-03,-2.277782443242558005e-02,-4.943333366785416551e-03,4.288257768251695079e-02,2.210196066291155066e-03,-1.699050172257899824e-02,7.901579019053148537e-03,-8.131996809549120464e-02,-1.934817937750502037e-02
-2.673351127256794104e-03,6.053290050207258723e-03,3.275284015891742617e-02,-3.620388325573317689e-02,6.684490610638794267e-03,5.253820207113327201e-02,-8.920802130311787648e-02,1.493968116765431731e-01,3.460041924610312430e-02,1.651950947375861040e-02
-2.618261813890246630e-03,1.388959366061561819e-02,1.262873302851843238e-01,-9.791994167504310814e-03,-9.248791716684827413e-02,-1.090246029779367160e-01,-1.465684543149816388e-01,-6.091395911444488082e-02,-8.464938047010094058e-02,4.534281689189852138e-02
-3.702645502645444107e-04,2.203015491981196589e-02,-2.525572825105489375e-03,-4.953401701113669536e-02,-9.569027012244414598e-02,9.692062594975615203e-03,-7.403255324741056520e-02,-8.579350415002297281e-02,-1.587631946200741551e-01,-9.691313277704000431e-03
-3.131681523095318021e-04,1.266212090944992923e-02,1.331543984232156502e-02,-6.867892425515118027e-02,-4.335146649828539034e-02,6.118710488462868191e-02,-1.055212462093158172e-02,-5.257869739625536248e-02,-1.953837448419407652e-01,7.445421537346276486e-02
-3.352983516097721010e-04,2.426642882071262247e-02,1.113656249337370910e-02,-3.433538490940902382e-02,-4.006611003018847872e-02,1.166911073295831686e-01,-1.134782872424011657e-01,-4.569028218083500542e-02,-1.049279699952916645e-01,1.358403066325160613e-01
-2.014034043123024244e-04,1.735415406097225860e-02,-3.345791433178799991e-03,4.165523721876241044e-03,7.753078634868840711e-03,8.461154180628641108e-02,-3.464801114932386517e-02,8.822274245799640799e-03,-7.481122226365992389e-02,1.242388551611193909e-01
-2.117041898697230573e-04,1.628450618522206406e-02,1.214825509893504478e-03,6.840223486341738893e-03,1.933946397935519187e-02,8.224041987894602224e-02,-6.948412003452375529e-02,6.925359721719312640e-03,-6.989067461688425187e-02,1.365879091070396067e-01
-3.265371679703919436e-04,1.971339043903544072e-02,1.564189558425542123e-02,-5.122977897236204170e-02,-1.974186716059457905e-02,8.843232478131328456e-02,-1.035571346340151411e-01,-5.005341810914497834e-03,-1.422656664525931702e-01,1.806000307810989580e-01
-3.146850011715009794e-04,1.630878009962236780e-02,1.898184131839211752e-02,-6.782144837113453228e-02,-4.174176103928853299e-02,4.334273429475934969e-02,1.287568749679741074e-02,-5.053612184917578160e-02,-1.408976798360434546e-01,1.130143487360124877e-01
-3.832172873432115488e-04,4.547436549938915773e-02,-3.347930448074108722e-02,-8.194995358461747148e-02,-7.412458926057630126e-02,-1.241461803450222799e-02,1.267193424064405605e-01,4.558629961162417171e-02,-1.182127820760619230e-01,2.767495096532255894e-01
-5.375952574332285754e-04,4.897908808972226136e-02,-3.158003088766581784e-02,-5.964406674837911815e-02,-4.695656783018696545e-02,3.583554007435072603e-02,4.977773800227241335e-02,-2.099355981969704826e-02,-1.065991964903394568e-01,-9.235167032965879708e-02
-6.685594922307318624e-04,4.998370346244759149e-02,2.308883156944799633e-02,-1.041991390977587834e-01,-5.070687058845532030e-02,1.128464586038061407e-01,-1.339190800396495573e-01,-1.273885127895970359e-01,6.195411499513463205e-02,-1.970078523818359906e-01
-5.853415322735967992e-04,4.577027052521438072e-02,3.573534830353820163e-02,-2.301880925539437697e-02,-1.598468692860585683e-02,1.171618522851476385e-01,-8.555640639053108815e-03,-2.200507018875655016e-02,2.137488706330371857e-01,-3.763652429561507168e-02
-4.578606522631280956e-04,6.854997160097887898e-02,7.376504185729033589e-03,-7.490357176346030014e-04,5.374688567999660188e-02,-3.156760017802928697e-02,-1.699179104541662100e-01,3.892514748338712915e-02,-1.180939158856554316e-01,-1.323981972813617625e-01
-4.235994575473647230e-04,6.786214156086718685e-02,5.618735169860208933e-03,1.923860961355079377e-02,3.817226936210905280e-02,-1.610072676362126615e-03,-7.042413882670811587e-02,6.360694140055894730e-02,-2.433250168445082531e-02,1.127470246819621269e-01
-5.687265168099508213e-04,6.690433456786133715e-02,2.529724751092198021e-02,-1.907781144784163538e-02,-6.841022562431669368e-03,1.237763413088956294e-01,1.282244537333291235e-03,-1.136687755542879069e-02,1.808921300329057458e-01,-1.472779158923077092e-01
-6.437945759043746949e-04,5.041702281677964970e-02,3.910133758568687390e-02,-1.250717741714369169e-01,-9.743792167551255934e-02,8.915337767723467699e-02,-1.319054814762766759e-01,-1.099409876617459952e-01,5.772596953249276019e-02,-1.012345071903156674e-01
-5.262083919169708961e-04,5.458279365028643332e-02,-2.599200945679556313e-02,-1.170901656529530072e-01,-4.686992390733243224e-02,7.749887100253465000e-02,2.231997047848314764e-01,2.392105461253348636e-02,-1.064863743898432497e-01,3.250476371223382302e-03
-5.172598376477896207e-04,5.881465675491510253e-02,2.655043877324119589e-02,-3.329566996207776464e-02,7.651625653665544702e-02,-4.201810936781545658e-02,9.761653616013429846e-02,5.085349103447662361e-02,1.586426368579939641e-02,-9.468981700483820874e-02
-6.033642237464214610e-04,7.973063146664531933e-03,2.838437700944621347e-02,-2.142877463632021987e-02,-1.239179780075100185e-01,4.784667849454989075e-02,1.155516396559543857e-01,4.134716509355055442e-02,9.515468907615290406e-02,-3.970104616630625721e-02
-5.722185954263127360e-04,5.202541074148200363e-03,3.528345898719307400e-02,4.328600837087058506e-02,-7.721558295321735710e-02,3.421619176388890349e-02,8.968505109066979286e-02,-4.314544383732193261e-02,-3.556143049965011186e-03,-9.906910211190389504e-03
-5.116799508247079405e-04,6.101004279670302344e-02,4.101923701937076894e-02,4.596749056235416298e-02,8.676467676664763318e-02,-1.366805999428566953e-01,2.140789630169270819e-02,-4.614459253376812162e-03,-4.458871036972084784e-02,-1.050659775567094334e-01
-5.100117642452391348e-04,5.423935644322959437e-02,2.792076185326238316e-02,2.594662219862673563e-02,5.539852685887053374e-02,-6.388978542056673871e-02,6.726676926046477878e-02,7.601827289494354767e-02,-3.845766963678079638e-03,1.514772633721550577e-01
-5.883021446521077488e-04,1.017604909633099478e-02,5.493621936600583122e-02,3.272331171623347329e-02,-6.691527398118922443e-02,2.669879985349936716e-02,5.715830061706820946e-03,-1.994042074787460983e-02,1.557606880059606014e-01,1.128051343007331758e-01
-5.510363319202566616e-04,1.440747810809436813e-02,1.646876642471735083e-02,1.723245745221726978e-03,-1.145066092341574387e-01,2.474699284843049490e-02,1.232960897058870686e-01,4.013233085379140641e-02,1.748743606249748006e-01,1.029399251597818282e-01
-4.637905992559650031e-04,7.052729596913197285e-02,3.683703759881255552e-03,-6.796895751223050453e-02,3.043771936366210240e-02,4.121023904102651125e-02,1.278415091586362629e-01,4.866823374040567945e-02,6.003484403028661737e-02,-9.896040285328236430e-02
-3.829251987121591919e-04,5.739592034451754254e-02,1.549497339248514897e-02,-5.941937135680708422e-03,1.041670799712165196e-01,-1.115971793901942566e-01,5.814788885221949810e-02,2.603559195269029153e-02,-1.225376708325287972e-01,-4.600247923375537507e-02
-2.736998278365035809e-04,3.806904319373120849e-02,3.329269007635009270e-02,-6.979530054718138289e-03,7.337425661346948236e-02,-4.476355906235351262e-02,9.828963155867467827e-02,-4.919750679710315627e-02,-8.942119088386095427e-02,3.915626947269885971e-02
-3.613558761949441263e-04,4.216356478397588481e-02,1.222270734234051463e-02,4.492508968728538971e-02,7.711709568522781555e-02,-1.897827788482251560e-02,1.085770057173950955e-02,-4.907575982744510207e-02,-3.565775164077485127e-02,9.150176865348785826e-02
-4.409534730606218754e-04,3.924786868702808545e-02,-1.795417433028842144e-02,1.034160427272122346e-01,5.216614767080172271e-02,4.077065962385396231e-02,-1.706516114507755366e-01,1.400717762036616208e-03,2.012284680399789583e-02,-4.366367313024924895e-02
-4.479397705033357846e-04,3.482038092018695935e-02,-2.923172623833654449e-02,9.199257620891053422e-02,3.650108731200152334e-02,3.958494935237692747e-02,-1.256284137374778231e-01,5.930266349033667256e-02,7.871855818729910081e-02,1.075053975945867851e-01
-3.938627515199685206e-04,4.470852726428531376e-02,-3.097471069074311020e-03,3.904913748691880154e-02,6.036522464635456220e-02,1.301088026715475909e-02,3.397120592100885683e-02,-4.422455439869334842e-02,-5.929830193047948284e-02,1.991984103643232862e-01
-2.625029794783011075e-04,3.604378864194900806e-02,2.252398091994030349e-02,1.989786446117123610e-03,4.590188867003736073e-02,-2.030424963253050705e-02,4.556182372153662341e-02,-4.265953811034205179e-02,-4.335982328589772783e-02,1.519444837735766350e-02
-3.648426206290902082e-04,5.819750673468214452e-02,6.798551802379212017e-04,-1.150373208440003472e-02,1.635350447927866324e-02,-4.882397991700328233e-02,1.425598877695473110e-01,-2.128523046830376256e-02,1.183343778599635909e-01,-7.129367773294027766e-02
-3.185572917861541776e-04,2.344813653966687506e-02,-1.045967588352722522e-02,1.672009593780358558e-02,-8.860805426247458927e-02,-1.850046329039014559e-01,-5.554139267826842252e-02,4.696184434531219115e-02,-1.498030044851532128e-01,-5.842445855949830735e-02
-2.131490907581732360e-04,3.187056700982442148e-02,1.317580155316012101e-02,2.281071189377927022e-02,5.864259106909688185e-02,-7.182718777394511700e-02,1.278577241737145938e-02,-7.857703146848787207e-03,6.182527453414702473e-02,1.504274809206898600e-02
-4.177658422173587973e-04,2.658881294395559758e-02,2.738868738351332363e-02,8.779968032016262358e-02,5.792237611415434334e-03,-2.276114522445596769e-02,-2.485168456855922983e-02,-1.193807526758860621e-01,9.598761104329345262e-02,-2.878931001444193227e-03
-5.560170217168134733e-04,1.907647197868943961e-02,1.214163549559518600e-02,5.741806330566572025e-02,-4.916607348003924904e-02,3.146452390640632618e-02,-7.524481007535788191e-02,-2.372889999799855307e-02,6.786725535369064755e-02,-1.747377993284466857e-01
-4.918564846157349535e-04,2.192600167262339153e-02,3.113821290969589692e-03,7.248153119803074640e-02,-6.613411192736029509e-02,-7.348247031404064921e-04,-4.773213261823041481e-02,9.032071615364765786e-05,7.660740478833150124e-02,3.359120488889683065e-02
-3.898213007966671358e-04,3.358072704592984792e-02,1.635028924091913236e-02,9.253941225711595497e-02,1.069182520807313019e-02,-3.186234958908432113e-02,1.669095520223157084e-03,6.790338698419671852e-03,8.659352741168956091e-02,1.423202030086379855e-01
-2.172489486156595120e-04,2.614312143513474254e-02,4.820600370473486496e-03,1.783855015841964708e-02,3.925669312493633434e-02,-5.569056475097548115e-02,4.574620161469208392e-03,-3.260956636948880022e-02,5.870351564304813335e-02,2.683185087551673287e-02
-3.100440956072135403e-04,3.051560206598227451e-02,-3.895466710763637735e-02,1.855859846416377246e-02,-1.542555781399310433e-01,-1.222575003603618982e-01,6.313155775046225271e-02,-1.124586869159255320e-01,1.488893543304533121e-02,-5.514181287947306914e-02
-3.655340847514048828e-04,3.057019177416233496e-02,-9.644211413404210620e-02,-2.717709212495270435e-02,-1.192074481476461389e-01,-1.379353258906564628e-01,-1.487815968451092485e-01,1.719264470264345035e-01,-6.422026734710066520e-02,3.107186338297091704e-02
-2.901715946544840036e-04,7.949657241033561764e-03,-4.613198443402260866e-03,2.846954897269566784e-02,-2.123153539448602647e-02,-6.006946114506279272e-02,-1.969355999508362598e-02,-1.012594270545988107e-01,8.064521874326159578e-02,1.789638222680560442e-01
-5.034843329511046271e-04,2.030087235805957610e-02,-2.269277140165374546e-02,7.257550941824877921e-02,-3.895527010590130873e-02,-4.657032916510970427e-02,-9.885498571944283108e-02,-2.088206788850382467e-01,1.464720380467884019e-02,-1.145003891897138949e-02
-6.696608765070368547e-04,2.905113600848730111e-03,-4.448160677733332610e-03,1.069038787558419801e-01,-1.839090559603548392e-02,-1.080442790616152962e-02,7.498979624120288845e-02,-2.642241630184419265e-01,-1.593355901515503548e-01,-1.771508747181731458e-01
-6.238131562691938458e-04,1.098494923154075958e-02,-4.172976711994951654e-02,1.052321235345025363e-01,-1.573824493389073750e-02,3.678710486423749509e-02,7.548176695506871037e-02,-1.647061925701178708e-01,-1.219999375219886772e-01,-5.292725282865640146e-02
-4.419560408776916074e-04,2.021569478605110548e-02,-3.665458974478718462e-02,9.469705004426941242e-02,-3.572987022456978329e-02,3.872637084591263462e-02,-5.682216428492724986e-02,-6.774044166944215295e-02,8.159673281211263229e-02,1.929988106868956721e-01
-2.882931253991920196e-04,9.494253894041472172e-03,-3.215890560952165689e-03,1.988370697362359246e-02,-3.387552545792498621e-02,-1.701468535276429161e-02,5.806680040449277436e-02,-6.532503270894898795e-02,8.937833964873612147e-02,1.618254148011095128e-01
-3.412243751773022548e-04,2.922500308912966832e-02,-6.554703917305634842e-02,3.401682403803887866e-02,-1.368201611616275959e-01,-1.356906502257448077e-01,2.636947497313730723e-02,5.269069484780316420e-02,-4.226581759898068863e-02,-1.610074996116370562e-03
-4.360485499152629268e-04,1.967795070892268058e-02,-1.671751953079503861e-01,2.242750173977629824e-02,-3.689020139576723589e-02,1.624137433128144958e-02,-2.985224957556462458e-02,5.272454122816887072e-03,9.768672616164317257e-02,-5.114825913393430956e-02
-3.269373939918601506e-04,1.349199363867825859e-02,3.271220467200302347e-03,1.396103529365592781e-02,-3.873219651056352547e-02,-8.229808964071766431e-02,-3.077499616361467974e-02,8.626534958407242396e-03,5.985103032532819445e-02,6.266147951388918724e-02
-4.781750446436463186e-04,2.301483194527522563e-02,5.118716682839844628e-02,8.693338571898322209e-02,-7.549564089120418264e-02,3.051395313684597543e-02,1.127912277374334277e-02,2.432072597682847503e-01,-4.874748347350154470e-02,-1.216536664406673851e-01
-6.130470027428604370e-04,3.204786741604971276e-03,8.483996749294071826e-02,1.563509287243217971e-01,-9.970377185905356099e-02,8.567077891394080102e-02,1.018793719330893799e-01,8.229193578074464610e-02,-1.921151109497799547e-01,-1.324188208401021472e-01
-5.608704979288852864e-04,9.904029186184000466e-03,5.259181753070535370e-02,1.612725560675341563e-01,-3.957707299510991594e-02,1.415443754118435316e-01,4.997938558031332634e-02,1.244548199199233818e-01,-1.598816353997900563e-01,-4.017730375344169547e-02
-3.813672529991665077e-04,2.564370717329409605e-02,2.759339178184915670e-02,6.274704802363681444e-02,-6.356021936927468141e-02,4.087347350890451619e-02,7.706871218306119396e-03,1.584529772468921682e-01,-3.630457534710122142e-02,-6.403027300683577366e-03
-3.232333319658010668e-04,1.059471611675522756e-02,2.067043814942343388e-03,2.058814133245014458e-02,-6.385970238806246146e-02,-1.995631459064747121e-02,4.183574938955737788e-02,-1.229228147116306624e-01,5.164968503222779062e-02,7.176547128367954942e-02
-3.872966391189830784e-04,1.513431759390037809e-02,-1.324178270517117062e-01,-3.278855305249072445e-04,-5.847846977993341119e-03,-1.644590024141571669e-02,3.516347286205812744e-02,1.125900856414586981e-01,6.815440768709178643e-02,-9.367277663514510244e-02
-5.124188620462025948e-04,1.819716346774668397e-02,-1.449222281310703631e-01,1.045658803198179221e-01,2.435976473126813882e-02,2.049967922575406387e-01,3.711217781013216588e-02,-1.357998911193965819e-01,-9.441059613333099843e-02,2.163189712376241414e-02
-3.751909794094653310e-04,3.651090845127341004e-03,-6.588474680750727730e-02,2.577418556888523907e-02,-1.706027629430213743e-02,-9.042056136075835027e-02,-1.255533709921658470e-01,9.666446646442949930e-02,-4.543245816533150044e-02,-3.182908838983064255e-04
-3.043451492290367077e-04,1.361846908894755181e-02,4.697120441682842151e-02,4.142572090373878441e-02,-4.018528418877526792e-02,-5.376517839941253457e-02,4.909049807689812306e-02,-1.539538796070066655e-03,1.768518719061889510e-01,1.980100582540656948e-02
-3.358911589784979008e-04,2.419545620981041704e-03,5.469159381691875849e-02,4.366047366940704194e-02,-1.050610474392464633e-02,1.369065779097616668e-02,2.473148613723629222e-02,8.717023106438957780e-02,-4.840744539170674376e-02,2.450876780265768065e-02
-3.155759961373725262e-04,1.806146827066182695e-03,5.546396809014950136e-02,6.211194734382215199e-02,-5.542362983360723909e-03,3.001136134181710963e-02,1.308168531142424144e-02,1.125198194755251124e-01,-1.197608120688172656e-02,7.685358953745338728e-02
-2.663401066519986487e-04,9.785308288762195952e-03,2.874038259452871280e-02,1.396806680223666199e-02,-5.043327266230545475e-02,-3.576626345283631398e-03,2.708991948027054952e-02,-2.722911504111501235e-02,7.558009030097441461e-02,6.123107809970891602e-02
-3.568478218978214829e-04,1.338041920125292682e-02,-4.819036439994862919e-02,5.606065709035660399e-02,-1.022020556466466355e-02,-7.374628927789410315e-02,1.219905167055927164e-01,-2.208515903772173272e-01,-5.108346787204828127e-02,-1.392689463594878885e-02
-4.389907799755529455e-04,1.316065062748802408e-03,-1.655633683800405709e-01,1.981615481509734628e-02,9.177690296952761839e-02,1.717044829404481554e-01,1.602583735150660271e-01,1.472506050567314595e-01,6.695794935898881362e-02,-3.894445840660330782e-02
4.109084975442208604e-04,-2.451942787122381867e-02,4.852054107212234492e-03,5.176162045140366569e-02,1.024101849597550129e-01,-1.226430168498599503e-02,4.157535498590991113e-02,1.118357975056955417e-01,1.857803361203507753e-01,1.507634100108307292e-02
3.296085663152069746e-04,-1.230988953375072165e-02,-1.001769753345778044e-02,6.880791843806853547e-02,5.159919369351406021e-02,-7.214975803388466724e-02,1.446032881248512751e-02,7.728598115180820849e-02,1.635310598150564732e-01,-8.876158675442291646e-02
3.531980937059208325e-04,-2.364615599888311714e-02,-1.187023826079699682e-02,4.056593646080854099e-02,4.706099266190622715e-02,-9.264571238220875582e-02,1.335371715336967080e-01,6.981118644997903744e-02,5.720774296946967014e-02,-1.508549792379813292e-01
2.172706997219062965e-04,-1.912043342036799307e-02,5.870179245803509166e-03,-6.554073967923107003e-04,-4.468662921499179895e-03,-8.763508150320666046e-02,2.973163732342456664e-02,-2.326953630802224785e-03,6.384779262541737110e-02,-1.546507253053293063e-01
2.245606651778485710e-04,-1.804274512303243733e-02,-6.366813911410899472e-04,-6.917500560903997765e-03,-2.399906849120592156e-02,-7.515487101146553495e-02,7.076145131508262964e-02,-3.787123740538398276e-03,4.297666325707508866e-02,-1.602396099677152186e-01
3.426917792650766774e-04,-2.185752033969303246e-02,-1.486769534097971517e-02,5.845387235493530731e-02,1.859316013281972838e-02,-7.774133839273703050e-02,1.039684735408441252e-01,1.479164290964897661e-02,1.341405042337938947e-01,-1.941374860378712874e-01
3.345923167856732524e-04,-1.862720176046005899e-02,-1.321066351242028251e-02,7.077613598308389598e-02,4.197255993049908707e-02,-3.013882387658069553e-02,-1.009942841397550896e-02,5.755387321941349277e-02,1.327556901527993383e-01,-1.367133686759987865e-01
4.306487042335354200e-04,-4.724489169382804776e-02,3.556112394833126772e-02,8.905429520859861614e-02,6.855100131442307121e-02,2.915683491591017709e-02,-1.732123380856814554e-01,-4.863314830884337553e-02,1.072588077090330660e-01,-2.971124664376402214e-01
5.876566054547432928e-04,-5.091547012465618555e-02,2.287707658953151008e-02,6.061428217677254648e-02,1.709301387733325531e-02,-1.388256167278631437e-02,-8.301676458556277172e-02,6.413074946303952417e-02,7.695019590883599159e-02,7.657491374567669540e-02
7.098457411923027012e-04,-5.443326736886823503e-02,-2.739436002642825843e-02,1.208471756416287235e-01,2.511471230665125037e-02,-8.848860931799967799e-02,1.693705846053136788e-01,1.068492622902713907e-01,-5.504997124731234211e-03,2.087047583689061181e-01
6.726677143756639322e-04,-5.280386685444096034e-02,-5.728964187203553632e-02,4.577521054428559943e-02,7.457237486542736896e-03,-1.135432685646691336e-01,6.334603996047238894e-02,-2.150256593959706808e-02,-1.793203630703061047e-01,2.948769827989592557e-02
5.111752447598449847e-04,-7.818061465000690491e-02,-2.320724908818237384e-02,5.780051852180037066e-03,-7.212812991522982164e-02,4.052566389388754381e-02,1.942677203513787365e-01,-6.706099463920691013e-03,1.022281504910508287e-01,9.679966265933176439e-02
4.947241726668610493e-04,-8.285300339372922429e-02,-2.330538946562214081e-03,-1.689633340774247816e-02,-5.065960498068841633e-02,-1.419817442076187416e-02,9.201644710020566442e-02,-5.008392290387900236e-02,2.470548466952566039e-02,-1.452011953321482307e-01
6.661975045694159712e-04,-7.609698651250169921e-02,-3.554185707087605811e-02,2.770327211727332054e-02,-2.013905323833006106e-02,-1.216893631974974993e-01,6.811010669652249605e-02,5.365898819589833522e-03,-1.723332116510636891e-01,1.414749360096899944e-01
6.733174214891559598e-04,-5.391867872637042675e-02,-4.858458487399573700e-02,1.203776576006118509e-01,7.378365410842230299e-02,-7.802926826528275295e-02,1.456755542850833030e-01,1.130497871010034544e-01,-8.428784099764023707e-02,8.441236364664679581e-02
5.726289270447616417e-04,-5.963838805730247578e-02,2.551853755627738612e-02,1.271758571362995027e-01,3.101471262708187238e-02,-5.959146356461238192e-02,-2.064051354030878860e-01,-1.933593243434595169e-02,7.236613066354936896e-02,5.384749113678117399e-02
5.478867483459800517e-04,-6.178031059013774223e-02,-2.492194633734907266e-02,3.335412721593856294e-02,-6.174413282316876250e-02,6.521187440474275621e-02,-7.770599964328914200e-02,-1.143236505729263233e-02,-3.395202319077164632e-02,7.846008147672038635e-02
7.138558613119420177e-04,-6.771633324791329241e-03,-2.393310153056697406e-02,1.741481263476058611e-02,1.665430326151004781e-01,-3.277330653230289131e-02,-1.467454029061159015e-01,-5.327304289122342801e-02,-1.342069004071548277e-01,-1.654782829401167318e-02
6.955538749455291271e-04,-2.814393449049882884e-03,-4.662066808953795050e-02,-5.343059787832615815e-02,1.209545322051382571e-01,-5.527428007889297751e-02,-1.150772662170109623e-01,3.470734323860301396e-02,-2.128505748285726071e-03,-8.663699957058665357e-03
5.225700019493139531e-04,-5.952551047740829715e-02,-2.271290972137566047e-02,-3.668374577060423691e-02,-6.870241878519355028e-02,7.860464331507038827e-02,-4.340336339424485934e-02,-1.053257978222851485e-02,5.173810653663366010e-02,7.184705883009649685e-02
5.198522721229074418e-04,-6.462064721302496206e-02,-1.779815763648147711e-02,-3.618651370235221459e-02,-4.490427474997431279e-02,2.196291652044285447e-02,-2.789021474176356374e-02,-8.041586204601557097e-02,-5.396790218344514611e-02,-1.663865804428591166e-01
7.081212340061374165e-04,-7.018686800097355231e-03,-6.411287042914766421e-02,-3.108026469743316311e-02,9.847575131343022647e-02,-2.091977186671449898e-02,-1.752985979685015364e-02,-5.021979735203178051e-03,-1.737495264077777990e-01,-1.826417461644006257e-01
6.713477266076017585e-04,-9.973494988034913716e-03,-1.819674029289941250e-02,-3.497300301510813773e-03,1.497814245652787923e-01,-8.922261452233478871e-03,-1.676988813066708772e-01,-7.065203042361045682e-02,-1.917063305865324974e-01,-1.311158125230236504e-01
4.922532585567723513e-04,-7.637599057377858491e-02,-1.869295206105652278e-03,6.897090897786231634e-02,-4.558945611117155156e-02,-2.494645694368997219e-02,-1.244678266393329930e-01,-5.958558088285782067e-02,-8.490436405187391788e-02,8.564506241147150367e-02
4.236581609540094402e-04,-5.966108987696790156e-02,-6.435833588716504544e-03,1.373448474674770700e-02,-1.188433777432716665e-01,1.085952464331354644e-01,-5.993484395435144663e-02,-1.656725921768987045e-02,1.380925647579881177e-01,5.780127015438521476e-02
2.880327875121032406e-04,-4.299880345530432413e-02,-3.380907162792864962e-02,4.489995767275620740e-03,-8.253199657635944264e-02,3.584982129130114686e-02,-1.035929955952508696e-01,5.486327519022573401e-02,1.005345196990423129e-01,-1.319665426718351006e-03
3.825732312374401502e-04,-5.302744116508876365e-02,-3.017803495128037854e-03,-5.767766186403960882e-02,-7.939254723706531958e-02,2.276152081552147016e-03,3.904819798597679997e-02,4.823377846251424017e-02,4.852528741880342972e-02,-1.217669307902266018e-01
4.618898503239873246e-04,-4.109396477566800571e-02,2.576835027592758870e-02,-1.054568818618798753e-01,-2.650992049976895124e-02,-7.269064424105295408e-02,1.898456873320555904e-01,-8.346154220918311148e-03,-4.433331088044224766e-02,1.090461906394878284e-02
4.781112524988385460e-04,-3.949234658756810984e-02,4.312184542864477138e-02,-1.135331912455810888e-01,-2.141835595305886797e-02,-7.068428148925888499e-02,1.620732826630525980e-01,-6.245657565926758525e-02,-8.922386188558796560e-02,-9.364367227159293983e-02
4.075821017247288755e-04,-5.241776422864079243e-02,2.209011666515262734e-02,-3.971112020136403908e-02,-7.070319483942270888e-02,-5.774735086776248971e-02,-7.954695712381521953e-04,3.364100896052837214e-02,2.580277250133906908e-02,-2.408091709500841948e-01
2.606182812855262882e-04,-4.363988670502418066e-02,-1.473787746907926147e-02,4.928380419288820244e-03,-4.652983849643593101e-02,3.639704101078694576e-03,-1.950082430415600240e-02,3.066374600871805967e-02,6.905162503599067414e-02,1.229591068778608000e-02
4.094754578457376329e-04,-6.601731031281186934e-02,7.474578272620493839e-03,3.060976543879411101e-03,-3.288221595509705636e-02,4.015144838796955856e-02,-1.761063652332609808e-01,2.401525197517433499e-02,-1.400730617565003333e-01,8.999057802701408704e-02
3.742856965685418050e-04,-2.361968995639219041e-02,9.724344808364232540e-03,-1.914359845844950184e-02,9.613895905582485468e-02,2.263671411283938173e-01,5.450393351715938917e-02,-5.180198494369344514e-02,1.610251501459452339e-01,4.410358880411217875e-02
2.260943736467437612e-04,-3.666607645961048739e-02,-1.101887663835871695e-02,-1.760051937146472900e-02,-7.251567096880245922e-02,6.708866134214536148e-02,-1.026386288841694278e-02,-1.085102842759914227e-02,-3.655544733192953033e-02,-3.197048935130699515e-03
4.623422047541942033e-04,-2.743711305507281692e-02,-2.869926091512528185e-02,-1.062818779020664045e-01,-2.880211205982143811e-03,3.515503272054505126e-04,1.424560677775219518e-02,1.176871337977851012e-01,-9.727949160064945644e-02,2.567406446759315508e-02
5.871224832948339833e-04,-2.491902936081656292e-02,-1.295334624035650653e-02,-6.034500605146696228e-02,5.294963594370925841e-02,-3.832231988214816754e-02,8.187955760366388835e-02,1.576046651596743576e-03,-4.606798616610071478e-02,1.959763902790593593e-01
5.282641348543661410e-04,-3.101898347469989742e-02,-2.071597634974787702e-03,-8.858113923239961662e-02,7.246193597063593783e-02,-1.472155283406701050e-02,6.777857198760357804e-02,-4.457813322590619548e-02,-8.166673992712628061e-02,-9.828291849656219797e-03
4.283162271946164561e-04,-3.340149653194547652e-02,-1.555293160429508867e-02,-9.631984720096137265e-02,-8.986265739104437600e-03,1.664370288005792217e-02,-1.099019733087939869e-02,-3.198054665700136856e-02,-1.027971205026684126e-01,-1.379153001041074633e-01
2.430112424995545164e-04,-2.935035598783149180e-02,9.588162444085695851e-04,-2.516377568449358962e-02,-4.744614646955688103e-02,5.863497242927680903e-02,-1.164955429769741826e-02,4.145447619955210106e-02,-7.066686711514298669e-02,-4.142440266659278697e-02
3.679739323235916562e-04,-3.257776443053376353e-02,4.439014734371656001e-02,-2.021472561781906610e-02,1.784259138974034209e-01,1.536064801359816601e-01,-7.973508511893132034e-02,1.375182294838446506e-01,-9.671001747683902888e-03,6.474699319146250132e-02
4.209673857150018862e-04,-3.293918611290254372e-02,1.122685868358699046e-01,3.495728109498990460e-02,1.212728004658994718e-01,1.498120782231237846e-01,1.381510899913625801e-01,-2.164940777025296803e-01,5.048888118695494392e-02,-1.869566759485244423e-02
3.155949943247119099e-04,-1.001396350471750983e-02,-6.753854365763326201e-04,-1.703124147843688638e-02,2.743228466390107423e-02,5.955274704035800476e-02,2.168357429847624432e-02,1.294242423680750098e-01,-9.431035519586805638e-02,-1.827874364657408324e-01
5.467178829713019265e-04,-2.577462986446217574e-02,2.299297948501556263e-02,-7.755379393749520234e-02,3.791755945691153290e-02,3.769526303908015546e-02,8.744654076057528647e-02,2.198723758873391276e-01,2.287881967313116008e-02,2.681249104555424867e-02
6.907623280217799156e-04,-3.212256937907614993e-03,3.072088697888775578e-03,-1.163362756714090424e-01,3.614700968122463304e-02,7.685869954574311644e-03,-5.587595711504136226e-02,2.445258578239435376e-01,1.297890596486856729e-01,1.461565368740999626e-01
6.645153201656304066e-04,-1.236073445753336185e-02,3.761846549643752674e-02,-1.168543151354363291e-01,2.383504408888929491e-02,-3.227771136672679536e-02,-7.062611538641304365e-02,1.721011692676231164e-01,1.179953375858515258e-01,3.239370916868946487e-02
4.822185654300547978e-04,-2.562772278758225150e-02,3.912413738071896657e-02,-1.010216374676876083e-01,4.585980458510830610e-02,-5.817183925177422249e-02,2.509267322283398327e-02,9.224396604610135553e-02,-6.103380608474977959e-02,-2.004945025642649870e-01
3.180449521978387720e-04,-1.072435207004308021e-02,3.127732009145320607e-03,-1.719761326767492784e-02,3.472872166896373569e-02,1.218529875307389904e-02,-7.406454993821241783e-02,8.792427543375340437e-02,-1.006833742328287762e-01,-1.914617169033938637e-01
3.974589925143457770e-04,-3.464945494257545139e-02,7.953558674045989318e-02,-3.097984803837468271e-02,1.468486554105178643e-01,1.564503415119765373e-01,-2.592117172153950502e-02,-8.801946892928122490e-02,4.315361509893555353e-02,1.565700490229363778e-02
5.070472461097786602e-04,-2.292723743422803162e-02,1.902275509993777702e-01,-2.995775259833155513e-02,3.866234073424184431e-02,-1.760367665367746151e-02,3.609996394689993920e-02,-8.202593757029641441e-03,-7.485237350143181256e-02,4.438132199591017513e-02
3.728999677674344360e-04,-1.419674762031449856e-02,-3.222782242507647200e-03,-1.347434803281088653e-02,3.714151906613160498e-02,1.050028218287217402e-01,3.414405952955243406e-02,2.441309202240426329e-02,-4.678710895008774545e-02,-8.825271753062612079e-02
5.298109495902554112e-04,-2.884641209088910016e-02,-5.254247350325797622e-02,-1.093259018350400957e-01,9.308863208419698720e-02,-4.950125662878498978e-02,-2.521797382527414533e-02,-3.032923343523528104e-01,8.897400365954175050e-02,1.870848962024985740e-01
6.649584072068848552e-04,1.888288652210563454e-03,-8.760303226449223102e-02,-1.563926124933828210e-01,1.041610223195284790e-01,-9.459604176773053763e-02,-1.018015710998577267e-01,-1.261802643959720159e-02,2.081880477249845318e-01,1.120675525342664652e-01
6.108251437711289611e-04,-4.940163852791796401e-03,-4.928341880383931006e-02,-1.711752870462682763e-01,4.481110388233080360e-02,-1.426916291965536487e-01,-2.896412555806669037e-02,-8.356970525706275410e-02,1.667232641574845076e-01,3.585920832525644336e-02
4.261031473206157720e-04,-2.949642077473297458e-02,-2.707327709242009911e-02,-9.197077928001905212e-02,6.218631987481705592e-02,-5.360343076942992308e-02,-3.472360886856600465e-05,-1.745210446599495258e-01,2.513250431352637149e-02,2.577690802854773131e-02
3.639297166923935066e-04,-1.162925937808357429e-02,3.683577594994501964e-03,-1.875139547626578779e-02,5.813722426021290801e-02,1.597944750151851501e-02,-5.709883214265201040e-02,1.469770161522746532e-01,-6.827865615474858207e-02,-5.815188623148762753e-02
4.542993263007416571e-04,-1.910857434031439442e-02,1.490941924520504946e-01,4.447610332302480082e-03,8.819164127247798232e-03,2.550762776682434507e-02,-5.930440750096656333e-02,-1.303382669456986664e-01,-5.797534015184338529e-02,1.153080999802819223e-01
5.825009663225145292e-04,-2.305221831797898274e-02,1.556945703844062057e-01,-9.377019530888257293e-02,-2.390508704763328468e-02,-1.922036954132381736e-01,2.107902490257644590e-02,1.120946600757391498e-01,1.102882979647551998e-01,-2.482853139183215097e-02
4.388277648671620973e-04,-8.014137808359547005e-03,7.287209737124011877e-02,-3.619726493588214938e-02,1.226004876436913478e-02,1.037562991728075562e-01,1.579938156713063535e-01,-1.400869287529994400e-01,3.033766737656587095e-02,-1.332970672117662209e-02
3.223751057452367477e-04,-1.841152370797870946e-02,-4.958193531633019180e-02,-3.922366330181306648e-02,2.996596501968232587e-02,6.651751502430529317e-02,-2.802811871443270514e-02,-2.626144747087747616e-02,-1.875834259542880078e-01,-4.152716935165685214e-02
3.479178236630374563e-04,-9.139946251675454270e-03,-6.101901517085749072e-02,-4.410662813802088827e-02,9.595096718481802706e-03,-3.780340647953668587e-02,-6.041330679640123831e-03,-1.372040341181173517e-01,4.511680029728511870e-02,-4.762081131519987215e-02
3.241145980774533600e-04,-9.511704600356135630e-03,-6.047356510279360692e-02,-6.592225692453679287e-02,6.175705691589572152e-03,-4.019094617433396216e-02,1.623734710530901635e-03,-1.498864603519675098e-01,-6.655240463416076113e-03,-1.036159225240099596e-01
2.832693963597540470e-04,-1.346238875913149599e-02,-2.948578410338996078e-02,-1.580738701755958139e-02,5.000126969390428916e-02,-1.730371813499847642e-03,-2.663551416148301695e-02,2.192526065680902581e-02,-6.964225169955404193e-02,-7.516757900462182895e-02
4.117211560933756219e-04,-2.238319477091331097e-02,5.377731362268883819e-02,-5.689866576588788888e-02,1.309103958361592865e-02,8.447811597051933796e-02,-1.220092212693942996e-01,2.357410338765318081e-01,6.411426099720234084e-02,2.935078720806984925e-02
4.973657903575829211e-04,-8.649721253401156801e-03,1.605096103557107079e-01,-1.977017842986052848e-02,-7.538679820834542911e-02,-1.981212916582638650e-01,-1.246824813392642950e-01,-2.181247858939864004e-01,-2.517372622289186859e-02,9.972531405285230480e-03
