5.262813806554976770e-01,1.714527687393648525e-01,-3.826864340824406296e-01,-3.892490196586421702e-01,-8.187973357808020491e-02,4.310158065961122026e-02,7.108823493531162274e-01,3.307979988453604303e-01,-7.760163028247744066e-01,-6.491137014863516130e-01,2.164052796557900671e-01,-4.206590379187626905e-01,-4.821660970465890816e-01,7.228295338619746824e-01,3.445100579923667805e-01,-5.170852731978615724e-01,-4.339141346110547692e-01,1.818714261698452517e-01,3.567678406055247997e-01,-8.954019454138859579e-01
9.112867694433138821e-01,6.660500719013948689e-01,4.132070276789575058e-01,5.732580276220882176e-01,1.008661736811124587e+00,1.142212771180942665e+00,8.225435285643576400e-01,5.497540657852182377e-01,3.040626134625928900e-01,2.759414899323178183e-01,1.097299223233300980e+00,3.757101169355533399e-01,4.706115684213519890e-01,1.099214989852243196e+00,9.257976167769095266e-01,4.380635550648752652e-01,3.634730751900553947e-01,3.461518939994671640e-01,1.124334195771730993e+00,-1.757135892807263344e-01
-3.670151640406003057e-01,6.955572219986838611e-01,9.557242835778919643e-01,5.038073201792269140e-01,3.189265405269500198e-01,-1.350082458071166225e-01,-6.326306293889615295e-01,-1.353424744573106242e-01,1.526330134724660725e+00,1.550021026339466701e+00,1.934397325745412788e-01,1.287746095647126277e+00,9.441457210465580285e-01,-5.010232135466001768e-01,-2.529755897741231552e-01,1.123348544229697543e+00,1.096687379173099330e+00,3.788369460002320999e-01,-1.589501610155058531e-02,2.090527822984966644e+00
-3.791891182149407236e-01,-1.564734617158894281e+00,-1.312918700310629738e+00,-1.368604274645425889e+00,-1.650317084913532906e+00,-1.241282086436646059e+00,-1.007832464912682857e+00,-5.983841706619217327e-01,-1.330812183311134600e+00,-1.304821397892310886e+00,-1.590624745119066930e+00,-1.491581710710096154e+00,-1.292739186531296713e+00,-9.587415529078331389e-01,-1.386829633040757903e+00,-1.504286015805747612e+00,-1.660642441405820957e+00,-1.297479195362308824e+00,-1.528836079691790806e+00,-1.280556571761837681e+00
1.166079431775719932e+00,1.070477226046756769e+00,8.650777607517685652e-01,1.233911680959849377e+00,1.719228641089540766e+00,1.296311256832327174e+00,1.310196605688446425e+00,1.039503731489114458e+00,8.738043256496013100e-01,6.874875071564545692e-01,1.530364676512395050e+00,1.031737578953389800e+00,1.088643404671007175e+00,1.061670304632287731e+00,1.194602222854229012e+00,1.287819149758777648e+00,1.446258823517822201e+00,1.179916887378530177e+00,1.307858020440706870e+00,2.963535462126705156e-01
-8.333174752549794562e-01,-8.574131360836179105e-01,-3.863059177419705392e-01,-7.941293740311992089e-01,-1.541473782351063804e+00,-1.273079552426026773e+00,-1.054113079403226738e+00,-6.311487167971483458e-01,-2.056380761065810248e-01,-2.164250727364862570e-01,-1.082982175172228612e+00,-3.458948922561981831e-01,-4.986374013854435461e-01,-1.060765266897943260e+00,-1.245729637907290854e+00,-6.148140635002938836e-01,-7.172224502016915082e-01,-5.951851676033586003e-01,-1.391694941806647101e+00,2.453998032996542733e-01
3.056300031249143956e-01,-9.841117899626051768e-01,-1.081738382474647819e+00,-5.114527866073647067e-01,-8.606728313913789563e-01,-6.189920047015105009e-01,9.554457938865018596e-02,2.288506814188063232e-01,-1.610756430803490291e+00,-1.768900253018664603e+00,-3.139810267672094035e-01,-1.444658079893353708e+00,-1.433030106183911911e+00,1.038236322865290218e-01,-5.643614862731873849e-01,-1.409241131993545615e+00,-1.111061777473949075e+00,-4.596188642385471423e-01,-7.540912708923674934e-01,-2.046593626279545219e+00
-2.018530347517495938e-01,-3.271170563379400820e-01,1.030218498742441480e-01,2.464151546327042475e-02,-3.273068859450342094e-01,-4.487135151141097289e-01,-1.576790649958799695e-01,-7.812570729856746499e-02,3.453849406515046017e-01,1.954842813375453070e-01,-1.432844136508923116e-01,1.063623560457387651e-01,1.806797465560070204e-01,-3.503075619507909355e-01,-3.169393658829839922e-01,2.487759774971082249e-02,7.875870159363625167e-02,7.675644739842171771e-02,-5.076737335942883567e-01,4.996636744036790923e-01
3.427603901858619073e-01,-3.011015826132524276e-01,-4.983827657997194072e-01,-4.360350446222459597e-01,-3.529844076387740337e-01,-2.248955300009188030e-01,4.043457824266638578e-01,3.689176517015902435e-01,-8.108224398793959509e-01,-8.179695164521372241e-01,-1.826732377465667412e-01,-4.951006729031274811e-01,-6.301650402359153524e-01,3.607301636418246416e-01,2.830904365972100600e-02,-6.271216805904861191e-01,-4.715258960446396808e-01,-2.616173934096815978e-02,-3.634161119725677624e-02,-1.032513205287556524e+00
-5.998990719047072595e-01,4.737332329184185120e-01,6.693850204762563649e-01,2.961132635939374147e-01,1.633968862610530870e-01,-1.917829037648637325e-01,-7.457558125132512927e-01,-6.249388754026505843e-01,1.329862110226597505e+00,1.307579198354858363e+00,-2.207012692397931630e-01,1.008957742657104806e+00,7.241408156929360906e-01,-9.564883063335185565e-01,-1.922868558726913424e-01,9.426532013939397103e-01,6.366403384793368758e-01,1.577834974841985094e-01,-2.093096380111880705e-02,1.844000005654174323e+00
6.767683052688977519e-02,-3.603573121325185369e-01,-2.373003070808772375e-01,-1.868309091735642635e-01,-3.010616586873113842e-01,-1.454923439776212302e-01,1.298174539703391694e-01,1.281834830060573083e-01,-3.537809189526779363e-01,-4.190076581152388790e-01,-2.257420380972341434e-02,-2.352775726250007082e-01,-3.152436257827284649e-01,1.901807045661196849e-01,-3.220438585821174815e-01,-2.829406738333732907e-01,-8.825425245012974429e-02,-4.914058117790565117e-02,-2.912706966696680944e-01,-5.601976475569032665e-01
7.228430555132764335e-01,2.452657097358886262e-01,1.340196349305832202e-01,2.580767174066651570e-01,4.588352949352998422e-01,5.812237916070180921e-01,8.693544888656947744e-01,5.878595218328506178e-01,1.790668020161356733e-02,-1.956988617016774956e-01,4.308105584955578271e-01,1.221344871260562348e-01,2.227157614865020729e-01,9.328983006982203285e-01,8.056040961512725973e-01,1.747117427779504295e-01,3.202759619460421314e-01,5.347476586098660611e-01,6.128639339660948426e-01,-2.139970175379812822e-01
-7.918298357020292499e-02,-1.006767577406878500e+00,-1.201109115535875738e+00,-1.084923269114985933e+00,-1.060180029337057572e+00,-7.686985973411712969e-01,4.798786732934323673e-02,-1.784590079248538075e-02,-1.444898158236923358e+00,-1.668521642229790380e+00,-5.925729975977858111e-01,-1.438740809607044868e+00,-1.349706112636685607e+00,-1.515079722790402261e-01,-4.575352778935535270e-01,-1.431148384174473209e+00,-1.215474864638042884e+00,-5.342865056590708761e-01,-8.150959078331803109e-01,-1.799028389567564723e+00
1.001237393158441180e-01,6.925281725507377306e-01,4.677710284829040832e-01,4.664722259979716124e-01,6.284106390265833397e-01,5.212902593956629804e-01,1.679758700760207724e-01,1.064309486745942390e-01,3.633312456452884032e-01,5.719065098614577458e-01,2.858707861585990107e-01,6.086564571890689113e-01,6.150027075449402414e-01,1.526813258615060676e-01,3.652390184511624671e-01,6.934520913519195418e-01,5.547179260089032393e-01,3.305005398047715093e-01,5.693707478660394727e-01,2.357508307837448136e-01
-2.375475640724045157e-04,-5.142030885266462015e-01,3.601950254902369641e-02,-1.114257693132051918e-01,-4.587928375108957235e-01,-3.580915160862770952e-01,-3.878167640868147859e-02,-2.931084389595934453e-02,-4.816852227795146435e-01,-5.543219513078927463e-01,-1.709448038821588245e-01,-4.992373509011199806e-01,-4.021143802541033985e-01,-1.228950088658672252e-02,-3.975976981000997057e-01,-5.728377368137798076e-01,-3.563530556210321998e-01,-2.196025946982929078e-01,-4.387094910776545564e-01,-5.258707816750520792e-01
-9.885081668234474428e-02,1.139547361232589040e+00,9.157707021713710205e-01,9.595528992166919569e-01,1.179608675475453117e+00,9.974855544254153106e-01,6.229957087429438545e-02,8.113542800580963998e-03,1.481081137659754354e+00,1.399121543246970578e+00,8.123046335880199642e-01,1.293558504022921607e+00,1.271770438705581263e+00,1.117316701529632583e-01,6.294537852271216982e-01,1.259768702078639890e+00,1.122507774552370829e+00,6.565412113640864966e-01,9.759131107634614333e-01,1.347192917933367706e+00
-7.613813232647368423e-01,-2.870511746911330597e-02,1.364333785756333128e-02,-3.089115522492327237e-01,-5.627996809449762328e-01,-7.374586040439206069e-01,-1.071405822712807154e+00,-9.227080908204388088e-01,4.404149338487037824e-01,5.506485804621459312e-01,-7.463670181120640734e-01,2.655210787596407052e-01,2.312359441316824693e-02,-1.127392533436152089e+00,-8.380625069689118245e-01,1.449104251771144991e-01,-2.873722552450819201e-02,-4.584362231592318260e-01,-5.509919236306695112e-01,8.905374345051142448e-01
-5.232319593992480478e-01,7.531181519776475319e-01,6.397921218851044811e-01,4.523229747679138324e-01,3.320156490751416389e-01,1.744280993765869314e-01,-7.097119684778346871e-01,-4.630980987170196794e-01,1.032266774944685661e+00,1.243599560068734844e+00,1.345991533262217432e-01,9.154023177336436667e-01,7.714147665848205548e-01,-6.819150619821514603e-01,-2.384616139579633920e-01,8.500505964035943718e-01,6.426275297344257176e-01,1.359764661102469407e-02,2.368416168391338505e-01,1.377616727970420563e+00
5.505984877238789821e-01,8.915736281196757762e-01,4.271513063063838711e-01,6.619228069961871075e-01,9.160304060542838744e-01,1.115295846933461510e+00,1.071639568295677858e+00,5.297299503359353956e-01,3.443361868575924856e-01,2.626351528563976023e-01,9.723257093791466410e-01,3.964631544542783770e-01,4.058309778403270673e-01,1.130435964955614825e+00,9.481476943531270685e-01,4.446221202795770377e-01,5.916467926964859014e-01,6.307806129818047669e-01,1.124506597089562465e+00,-8.906412841019972770e-02
-6.968859506180498098e-01,-1.473896828098760325e+00,-1.211218372654023767e+00,-1.483431630972199544e+00,-1.636326473474445153e+00,-1.674668526583044992e+00,-1.083002731067340463e+00,-5.598451646613014088e-01,-1.241187261422382004e+00,-1.070060731618359462e+00,-1.530596924927290603e+00,-1.108998104581943256e+00,-1.340327906578188344e+00,-1.239908174958981979e+00,-1.471506404260286338e+00,-1.239384045841765314e+00,-1.285593349689564402e+00,-9.213860070997565987e-01,-1.763713997496769048e+00,-7.150427141141562082e-01
2.314261956415522015e-01,1.043784013748644490e+00,1.267886615625917646e+00,8.205272970329016147e-01,1.274320864329919756e+00,8.053137048600593761e-01,6.662396063555009462e-02,2.896987256880936279e-01,1.581991540435860433e+00,1.799087418002531802e+00,4.950344429994444351e-01,1.618805285784272296e+00,1.518899937128743716e+00,1.530585562202335659e-01,5.870486017834353198e-01,1.675982560810236333e+00,1.371090802453518886e+00,7.632492778812154377e-01,9.504662388112563587e-01,2.117876861546298617e+00
-3.638152404680643492e-01,-2.604177598411605565e-01,9.340511992433331301e-02,1.589099984592667880e-03,-9.410496774794285813e-02,-4.403714701862160297e-01,-5.866264083556171904e-01,-4.348815576822437912e-01,9.043587418931275934e-02,7.349986151557619252e-02,-3.036988052552840323e-01,8.169832692440559541e-02,7.098716237679747465e-02,-8.797714341230276069e-01,-3.246187278482648431e-01,1.285909883406555210e-02,1.428703884799369384e-01,-3.244123859989000991e-02,-3.290593695556802700e-01,7.807572998824996446e-02
8.430457942489635315e-01,7.323059426666087557e-01,3.806240782997045713e-01,7.269713828954507129e-01,8.796486925717821315e-01,8.123026212138348967e-01,1.437769619739510674e+00,9.696660585858087877e-01,3.380089020415883994e-01,5.292849075650161161e-01,8.917264668711539777e-01,5.807480300948637542e-01,5.426667909428775083e-01,1.671785395508384342e+00,1.096511465749932634e+00,6.247984814177773849e-01,5.809838391478607811e-01,8.518946924686439104e-01,1.007528549247605598e+00,3.212185841737209557e-01
1.488510157930438282e-01,-2.644807941707436605e-01,-3.216918991378538983e-01,1.182939279895793838e-01,-4.288712400869676422e-02,1.123993103395868332e-01,2.177397246378909301e-01,2.507810642672763102e-01,-1.956237436298109422e-01,-6.855621268649696454e-01,2.085825474269142887e-01,-3.637912892806656195e-01,-5.077675612599286126e-02,2.151005313471578972e-01,1.950939160821869578e-01,-3.935632763279550694e-01,-1.306996490292706703e-01,-6.372236761517680037e-02,1.958391855186962793e-01,-8.422581693253543555e-01
4.999705055943022280e-01,5.597345957997208465e-01,5.803029389902762958e-01,6.183698428427377713e-01,5.979839885463178462e-01,4.279231916296435401e-01,4.308598611016782876e-01,1.885267263268670668e-01,5.503445262747925781e-01,4.755724511714563008e-01,5.053434296351495547e-01,6.148974402405489315e-01,5.928107768045096648e-01,6.108227933319967384e-01,3.068735244942679685e-01,5.957694380737321715e-01,5.891049090617479500e-01,4.277186056463500030e-01,4.126412133930354997e-01,4.331144299870572922e-01
2.931429374328897719e-01,2.012234700774617746e-02,1.475225980464256459e-01,5.013808448155004927e-02,-1.471395704986364628e-01,-3.224674608112384488e-01,-1.477406513836381219e-01,3.154933308983410845e-01,4.110620216468705568e-01,4.071572341900898673e-01,-2.492912466943875138e-02,3.923371083671289838e-01,2.288061253978609377e-01,3.210891150865577415e-01,-3.818823871197167263e-01,2.804264186506703060e-01,1.834066755470610266e-01,-1.006751553159649371e-01,-2.028930053730118588e-01,6.112793567543929329e-01
-2.005514279708284775e-01,-9.611988354316425287e-01,-1.154756189050861748e+00,-1.237696104592589164e+00,-1.396642604787687425e+00,-1.222902848954965149e+00,-5.246121132315084701e-01,-3.112797277071888136e-01,-1.423834142417593096e+00,-1.325601681111847174e+00,-9.591763787130315189e-01,-1.265924384858109208e+00,-1.281150941838320012e+00,-6.562958668135090434e-01,-1.060897823565169151e+00,-1.385257616061391639e+00,-1.308352634298020734e+00,-8.619908533611952972e-01,-1.038312560901972326e+00,-1.316568623311239694e+00
6.234105505764717670e-01,1.572703612623993941e+00,1.449605352732192376e+00,1.493413124040232631e+00,1.891053232951567908e+00,1.533038604304232333e+00,4.363647500540794866e-01,4.932053678562855481e-01,2.166283557100223245e+00,2.318333527446338138e+00,1.344840771878065500e+00,2.058997656318124925e+00,1.937927894706622300e+00,1.100023181768018832e+00,1.132394788380883366e+00,2.088175703568039943e+00,1.783651815156116704e+00,8.809232588916100504e-01,1.619306891823177885e+00,2.442335639610488940e+00
4.116646299144499643e-01,7.661610387233361852e-01,4.864122047497811963e-01,6.818911190320455784e-01,9.741134153506622040e-01,9.695129728470980313e-01,5.642247793138019940e-01,5.600140729314406762e-01,6.075525460413764289e-01,6.518217919629685220e-01,7.809384823959135691e-01,6.230523738292275127e-01,6.409378413596689139e-01,4.529339017066156270e-01,8.375641376573400576e-01,6.941526304659492164e-01,6.971303523847282024e-01,5.107301353489170914e-01,9.150578298727904958e-01,5.314246453552033955e-01
-5.683077074196525302e-01,-2.165888026466457283e+00,-1.735418144139958763e+00,-1.735496148615460310e+00,-2.015043080013330101e+00,-1.588348484570351715e+00,-5.866052872514471161e-01,-4.249603329031508281e-01,-2.496408531796998176e+00,-2.746587671208037484e+00,-1.342139551042561774e+00,-2.484496826257188040e+00,-2.316755915810260191e+00,-9.269377764736952408e-01,-1.310331851043338602e+00,-2.419780935117889609e+00,-2.004776232027179361e+00,-1.187475401824732657e+00,-1.869113090227666696e+00,-2.870980793022031463e+00
1.109454063166852134e+00,4.664454259819967863e-01,3.158359363263395503e-01,4.437670847600816426e-01,7.120429187127500503e-01,9.846612904361639051e-01,1.093143669975576771e+00,8.608146644088285893e-01,5.012953147688548050e-02,-1.561529573991571884e-01,1.102865861596670438e+00,1.456857008978876822e-01,2.400574576314722930e-01,1.258594017992515024e+00,1.018594732803163039e+00,1.566334910654953727e-01,2.541615930769294818e-01,4.369037654816004812e-01,8.833074174980191096e-01,-5.393084077159502332e-01
-2.695765412468088540e-01,1.813309275866639148e-01,4.851138275183942694e-01,7.957026771263480125e-01,1.879142557113939183e-01,2.753214089278172017e-03,-4.583583905099872791e-01,-1.833746742816606545e-01,9.286120481662765158e-01,9.100470159347218146e-01,-7.838815188718267768e-02,7.155226316172522694e-01,6.940354980093250692e-01,-6.313228014161166302e-01,-1.078545270397129330e-01,7.039394466659084637e-01,6.724807328246849014e-01,2.412764380611237547e-01,-2.400330145303085083e-01,1.156417031382640070e+00
-2.791146091824227016e-01,8.669792220723655518e-01,9.017777290932531553e-01,6.733838587215554838e-01,5.541805375963805291e-01,3.345667614204330675e-01,-3.629579799430042719e-01,-3.257311743435609142e-01,1.478509572711670828e+00,1.599692580879239934e+00,1.891764581643761156e-01,1.260104854100323690e+00,1.083475709659187824e+00,-3.039781756643911703e-01,2.402976540896441804e-01,1.180593442028597062e+00,1.034782194115271947e+00,3.693685611402869329e-01,4.139970505470390028e-01,1.785662027460630075e+00
-5.398041863642344396e-04,-6.294288876049171089e-01,-6.639770951301731117e-01,-6.576508092227202340e-01,-6.977512818654832971e-01,-6.636228402100843304e-01,-7.658142930251143898e-02,-7.164320261396994738e-02,-9.344342102489405777e-01,-9.834823018976295295e-01,-5.661693214293102017e-01,-8.264878232932924007e-01,-7.182193519147800354e-01,-1.593564406948499990e-02,-4.418271323889809699e-01,-7.802934549307104506e-01,-6.192929378175920929e-01,-4.591962005416436732e-01,-5.581345963437216451e-01,-1.095587926066651896e+00
2.536348442383780100e-01,5.598444304811096561e-01,7.424418677683233270e-01,4.789914528016247508e-01,3.706832423358130679e-01,3.622253695942661000e-01,1.013822849592181941e-01,3.147343330285443663e-01,8.167528298425720257e-01,7.763773717836305321e-01,3.414682668846885094e-01,7.041421594878223278e-01,6.038729744962428869e-01,7.133676407165789879e-02,2.025778806238978103e-01,6.821606983554011627e-01,6.109370027016246540e-01,3.550743405229598859e-01,2.904408128163110114e-01,9.976205988965125560e-01
2.361803531594484085e-01,5.620116473166344440e-01,7.206638638217881532e-01,4.855738380396763532e-01,5.414911918443724437e-01,5.512496270236364460e-01,3.675688628655026657e-01,2.242988391654201497e-01,6.388650723606152937e-01,7.416568580991380610e-01,2.862788730416888638e-01,6.344144542950640453e-01,6.497683402894741667e-01,1.633796372606922120e-01,6.959481069329263025e-01,6.692236935561669542e-01,6.299293152190024170e-01,5.390398671366414263e-01,6.557474850340193617e-01,8.198066858051074046e-01
1.488521767756534331e-01,-1.765316855148860720e-01,-3.975378791746781992e-01,-1.053497279115080953e-01,8.556776627218021236e-02,2.285664006071213006e-01,2.763986732193495222e-01,1.757818337506646955e-01,-3.834360141989647808e-01,-2.713851173485268831e-01,2.489967856808892321e-01,-3.291251213954531352e-01,-1.692212883889407937e-01,1.774764973050986239e-01,-1.337069142193381133e-01,-2.391075761649008591e-01,-2.114988614944766088e-01,-4.730875816305268877e-02,8.994925960532151876e-02,-4.486442127067380437e-01
6.693670383615919484e-01,7.973815344676116190e-01,5.231161114951070612e-01,5.111745891830805633e-01,7.451645033605869273e-01,8.419005213558219403e-01,8.435803691924885772e-01,6.948040747423049890e-01,6.457969389255959758e-01,7.136477346926979326e-01,9.184201012990589330e-01,7.941790024268982062e-01,7.839703567604521250e-01,1.176907515534725723e+00,8.239712228840199160e-01,8.458898402632146762e-01,7.682841848213484148e-01,7.297808026308896245e-01,8.354685979902924942e-01,5.582482108289903433e-01
-7.856406357547041086e-01,2.508620826049232644e-01,4.669333025270128168e-01,4.166771123513877129e-01,3.946884830988617310e-01,-2.587892271534775190e-03,-1.011679477666062921e+00,-5.941397140996573789e-01,8.995520195220936266e-01,8.997230756015315301e-01,-1.401089501959442707e-01,6.650919273332269732e-01,5.614724834595921088e-01,-1.133993523531721559e+00,-3.643839237737349634e-01,6.558825384800495151e-01,5.013880009200997190e-01,-1.094437049432703812e-01,-1.282746625442965360e-02,8.847711563205686858e-01
1.923496113810148067e-01,-4.699708827670325828e-01,-3.635328766648426857e-01,-5.123553753962490909e-01,-4.359663316614776907e-01,-3.078861975554121333e-01,3.515043776496491468e-01,3.639878374380196568e-01,-8.114145370394072465e-01,-1.261917576561976118e+00,-2.801538845995177329e-01,-8.681920505936342458e-01,-7.376311218930533542e-01,3.117602127561447389e-01,4.704337168381922396e-03,-8.858943717257097283e-01,-7.451899399209196417e-01,-2.115575533996798541e-01,-1.691305486777443523e-01,-1.574501185514654233e+00
-8.213761209436509780e-03,-1.151279654312184486e-01,-1.074571536635885033e-01,-3.394771417298936278e-01,-4.220549672028452992e-01,-4.280211787923783318e-01,-8.873927773178580392e-03,-7.858490670401396816e-03,-2.020200254239403193e-01,-2.926824554574047887e-01,-3.262655970616006318e-01,-1.034204896804248874e-01,-1.909115387772336025e-01,-1.473518880569563150e-02,-2.073070918224377557e-01,-2.577634415746893892e-01,-2.103244130723123106e-01,-6.167146289665714765e-02,-2.181371461351554186e-01,-1.701285526243932478e-01
-3.103242602441727005e-01,-9.654501156916495130e-02,-2.451811717612129016e-02,-4.379374055122940423e-01,-3.276864363233425448e-01,-5.005436044702347154e-01,-6.540924964816856590e-01,-4.492843611356175382e-01,1.800832849801123903e-01,1.701282926100187165e-01,-2.288939966478902299e-01,2.078550018186313686e-01,-8.155529606621070293e-02,-7.521095282817558125e-01,-3.207088659396467589e-01,4.885182994099013243e-02,-9.467226634971620536e-02,-2.363713205314721677e-01,-3.831432032313305536e-01,2.572094727654429258e-01
9.200843994957622063e-02,2.684132739224337483e-01,2.942184530552831578e-01,3.329173138628632178e-01,2.860621257989539035e-01,2.999702335267111497e-01,5.057490169418367432e-02,2.284125626830318945e-01,5.485167127412668986e-01,5.906309756958717516e-01,1.724655509061767955e-01,4.844691479597657002e-01,4.936296830969006955e-01,1.365224656923868518e-01,9.606601276957110747e-02,5.533175942149262116e-01,4.434452802196884313e-01,1.634057699322190027e-01,7.657197543116700533e-02,7.650377316754828350e-01
1.698807192731257021e-01,-1.281223977094707589e-01,-1.180397124286209909e-01,-4.098412668103683654e-01,-1.585669966011112320e-01,7.304350456093650079e-03,4.099430802772612292e-01,1.308699787528910807e-01,-6.413281957918496312e-01,-6.543644179197637412e-01,-1.840656145121394860e-01,-4.564304630685697139e-01,-3.907063046417642571e-01,9.766481301247974256e-02,3.345438520713679420e-01,-4.405957936200032288e-01,-3.682227454517666976e-01,1.670415942302799772e-01,1.593402808531585446e-01,-7.830958028303693919e-01
-2.278364425284107320e-01,-2.337647475480371106e-01,3.618424671071442944e-01,7.102793274493968134e-02,-3.035662067515657592e-01,-2.928653054174180648e-01,-3.234472689457996708e-01,-2.910209474191257639e-01,4.915368330916658479e-01,2.609923631351698248e-01,-2.501121728349320339e-01,3.373331655370759297e-01,4.649478395138770814e-01,-1.434591427917935036e-01,-2.307783134725043261e-01,2.101600302175843371e-01,2.138327573096734380e-01,-3.643310186935289074e-02,-4.611958240678397658e-01,4.557211105190317468e-01
1.801957461650127712e-01,-2.327637443378871573e-02,2.431104956128375405e-01,1.963054212531665788e-01,1.822076719929655586e-01,2.620458591879039068e-01,4.420209037829909704e-01,3.172743705398630709e-01,-2.838628044912997472e-01,-3.217831585984725629e-01,1.289793969533397089e-01,-1.227075985969814237e-01,-1.949101662865446172e-01,1.811675387842797136e-01,3.727185589707521784e-01,-9.455493334226869329e-02,2.473249046126335671e-03,3.099683771268146870e-01,1.995056940824968539e-01,-3.912944702836421706e-01
-1.813955092492554044e-01,-5.333540339698903399e-01,-1.339334026569731773e-01,-4.572585922591740903e-01,-5.992641423409745816e-01,-4.889404592006173500e-01,-4.282607368116178037e-01,-8.480297400716163558e-02,-4.563431664316699443e-01,-2.280485552775362024e-01,-5.549019806596762194e-01,-4.206390694012094311e-01,-4.954441896013435098e-01,-3.894907874238797696e-01,-4.980680977761111627e-01,-4.710956336764142716e-01,-4.515256819113373510e-01,-2.796024035523648754e-01,-4.894947048946801660e-01,1.404748568980012102e-01
-1.504733803997737596e-03,-2.677436303039071319e-02,4.209693952785973359e-01,4.028811413991384427e-01,1.287094922852936030e-01,-2.169946600013705762e-02,2.939122662493343086e-02,1.519943230338904883e-02,4.628015600599044710e-01,3.325066497637862994e-01,9.927180876624985828e-02,3.476442634884895355e-01,4.071212393474166191e-01,-1.145501343326493782e-01,1.643044274793084014e-01,3.211555651313111603e-01,4.099730018422653721e-01,3.666827405391375194e-01,-4.745307889397532009e-02,4.784251786125026662e-01
-8.862485582546786311e-02,2.989858174504158583e-01,-9.430796928157070269e-03,-1.240690724154758229e-02,3.384993303491053984e-01,3.089563981070893028e-01,1.114775883128088507e-01,-1.806544853238147841e-01,1.334735532015283166e-01,2.738592575189832123e-01,8.024732846112625495e-02,9.754656645539450111e-02,2.169371078939925646e-01,5.045373803174413307e-02,2.625254939304672019e-01,1.263769730427033444e-01,-1.707633332958968797e-02,7.766888276056349572e-02,2.457431649196689660e-01,-1.044669101432967873e-01
7.320506059294888956e-01,-1.001986616127385599e+00,-1.389497881874608209e+00,-9.983473251887680089e-01,-7.941375154710095252e-01,-3.441106350019143001e-01,9.081153841926064008e-01,5.962694206961163257e-01,-2.018270562972498627e+00,-2.223199049113112835e+00,-2.054676135098292278e-01,-1.652721326947728109e+00,-1.368547983389009293e+00,9.085829454497543756e-01,1.325358776351670542e-01,-1.531941421527851066e+00,-1.288747475924724384e+00,-2.057533691801584630e-01,-4.593597489566775272e-01,-2.410067892424019753e+00
-8.890443037322448561e-02,-6.925047690664754008e-01,-6.485229030182315668e-01,-4.576537600970738140e-01,-6.388921859482596943e-01,-3.603539863847995406e-01,1.998709875277926429e-02,-1.603107815092963406e-01,-1.049418005814653387e+00,-1.237444531107152024e+00,-2.679557420328997352e-01,-8.408372600687026299e-01,-7.205287721048985183e-01,-1.716450150783455086e-01,9.033673916336093512e-02,-9.612054449954308133e-01,-8.170028074749620117e-01,-3.243540836929867943e-01,-3.277625741764054190e-01,-1.256740702647366703e+00
5.618471747099422764e-01,8.950876025595566610e-01,9.486873263681072643e-02,5.896329331361918058e-01,9.422612690007250436e-01,9.029425607329817360e-01,7.939851427756881019e-01,5.798436205203061355e-01,9.796694405928008109e-04,1.659100797717418807e-01,6.671842918231489783e-01,2.862006765306892575e-01,2.195266710305983082e-01,9.017242399195528613e-01,6.809649763929903621e-01,4.154180455089044877e-01,4.963242538581700281e-01,4.885186622352204466e-01,1.009965904649760660e+00,-3.010334915647234766e-01
-4.218033020956157841e-02,1.006577293341925916e-01,8.170997929921615111e-01,5.620862330796709827e-01,1.884808836336286930e-01,2.166035735146150110e-01,-6.700295675149359198e-02,-6.033868189984392671e-02,8.315249505068353919e-01,6.046317439682731276e-01,4.836101086116872949e-02,5.866434702094069920e-01,5.640164762048849312e-01,-1.452514989832840442e-01,2.224102180812477236e-01,5.981355195453863516e-01,5.765687631401470448e-01,2.495213797922772869e-01,-9.281040263835915738e-03,8.852718224931517277e-01
3.910454354522521214e-01,4.169035756294929840e-01,3.676542570182759206e-01,2.692726895920771746e-01,7.604272167654397840e-01,5.992333899779329620e-01,4.818453562044351379e-01,5.526699533169994183e-01,5.014191876713165463e-01,8.844852473371562773e-01,3.036270771774520760e-01,5.991876774099587077e-01,4.978736567803352386e-01,3.723114564411296179e-01,3.815863912372703393e-01,6.249781838054604410e-01,6.203974576386266371e-01,5.396209607609301351e-01,5.721448695432347353e-01,8.562601167228369725e-01
1.796431830769946725e-01,-1.789462473137308218e-01,7.831297787596830373e-02,-4.839172771924207805e-02,-4.277279301302293613e-01,-2.824476510295815812e-01,3.254358453996888945e-01,3.207821800397594458e-01,-4.546233978432010492e-01,-6.123063136621903491e-01,-6.891573919535001758e-02,-2.527355290635801555e-01,-2.588628909277220780e-01,2.525536012421370491e-01,1.139285971639435457e-01,-3.402743109363605689e-01,-3.493739405637608098e-01,1.584612161532631402e-01,-1.664392385969787058e-01,-5.233424756516935616e-01
-1.557355293674687058e-01,3.722332028072186105e-01,4.467613676193085137e-01,4.185502531308958885e-01,4.875664893286422163e-01,2.685165568045311257e-01,-5.278726927670013280e-02,-1.394499692150313885e-02,9.031908390244824947e-01,7.755902169006021474e-01,9.364635272219790085e-02,5.646635515918667636e-01,6.648781295053202145e-01,-9.411762688855018766e-02,1.874659085233423284e-01,6.442034412157593426e-01,4.467588893386287285e-01,9.234363872006878804e-02,3.615195046522520217e-01,6.446233700260712851e-01
-1.095155510750444317e-01,4.039482723583945889e-01,4.674264602971134330e-01,2.247205350917087785e-01,2.482808501933131407e-01,2.220250843104319971e-01,-1.018305141858585339e-01,-8.002957175166344750e-02,5.007294265422240764e-01,5.641009263028322618e-01,9.900859467856204521e-02,5.002824554508071841e-01,4.522465822449669437e-01,2.423545177662783656e-02,1.411454128269039598e-01,5.395888228482180748e-01,3.125265971712699598e-01,1.539111604567675595e-01,1.777151716333922604e-01,4.358569864931326476e-01
-2.274627554466148727e-01,-1.287074005212632266e-01,3.772160906204524711e-03,-1.996603538505195008e-01,-2.568311089448460649e-01,-5.091909035046274790e-01,-4.868173317055692895e-01,-4.041741798633273763e-01,-1.275861381045543530e-01,-3.066644016867707268e-01,-4.512026522588071797e-01,-1.129701176555323316e-01,-7.841054287030835290e-02,-6.042996833379857824e-01,-3.657914876328087206e-01,-1.677038764255673331e-01,-1.644528940060702160e-01,-2.203034981807068249e-01,-3.561276934877202205e-01,-4.993012853171462373e-01
4.561073790624521895e-01,1.254856088497038558e+00,1.386371422538159814e+00,9.348133666021645194e-01,1.205874860310902630e+00,1.155906131574503171e+00,6.211626642065236625e-01,4.428093485816438912e-01,1.293673371786035364e+00,1.344022282800365842e+00,1.019792509648476120e+00,1.219963174561971009e+00,1.197158589544489171e+00,8.354148413585009703e-01,1.109433222277806941e+00,1.235007394426953287e+00,1.199247423356645026e+00,7.632466416005313503e-01,1.274869991646427891e+00,1.474455571810898036e+00
-1.303857286338336863e-01,-1.193843695238375524e+00,-8.838448074662375031e-01,-1.160214846313069703e+00,-1.340632861945577403e+00,-1.145912676026901611e+00,-3.586579540024985580e-01,-1.866362787915318844e-01,-1.622767590524863746e+00,-1.800801323544981569e+00,-1.128993603598958284e+00,-1.416044943056612215e+00,-1.485593389116731000e+00,-6.307454356868394951e-01,-9.926242309638012573e-01,-1.447037704244658052e+00,-1.367716508911781759e+00,-6.979380734440364664e-01,-1.326557989798868631e+00,-1.925276978578512654e+00
-7.214579677915551326e-01,1.731142946458252840e-02,3.268964143569160763e-01,-1.026730919779104134e-01,-1.705222082378734516e-01,-2.187359334342938721e-01,-7.495769621326531240e-01,-5.367614041989319240e-01,5.719072188750824459e-01,7.521842002414277362e-01,-2.559199771199557327e-01,3.916141811269933659e-01,3.074385235490785795e-01,-7.437128079977683992e-01,-4.805772096783100800e-01,3.624915548319397884e-01,2.731808389261916048e-01,-3.242572758868278449e-02,-3.274760407203813894e-01,1.194114868990162837e+00
2.535021374688639639e-01,2.342697704631689637e-01,5.718740237505113289e-01,6.383923177929923254e-01,5.220554697673274180e-01,4.915725243961112101e-01,4.028676557665689106e-01,9.213055808547698788e-02,3.684033490252708321e-01,5.274363534382930929e-03,5.689324709519836265e-01,4.334381477605369071e-01,4.436191978672998637e-01,5.097987204414603513e-01,7.444227402064476085e-01,4.691140784601866565e-01,4.820338970182072025e-01,4.633997487566290374e-01,4.871433070738483972e-01,-2.835209691845119728e-01
-2.163683953683137595e-01,4.806483918769002273e-01,5.769784416303140873e-01,4.501043193517324514e-01,4.901875504002106698e-01,1.709271335147841686e-01,-2.836824916115090467e-01,-8.258759721408814869e-02,1.126958787250290195e+00,1.219832920391764386e+00,1.182233662990870293e-01,8.483342311222314969e-01,9.444458550807615094e-01,-3.485569226302311918e-01,-7.161520004201404888e-02,9.732918037152786805e-01,7.106911620580065314e-01,2.395821450137964881e-01,1.669697723695493519e-01,1.421392786682098341e+00
-4.765345055431113863e-02,-2.060905869965289350e-01,8.901358554011373769e-02,1.657256475971811138e-01,1.163147150861266743e-01,1.786364823076689867e-01,1.545553447951999448e-01,-3.636247450308860429e-02,-1.617494882060736550e-01,-2.871195235832801340e-01,2.197239360109917161e-01,-1.589494410681630554e-01,-3.208806184904877679e-02,7.723548229851939784e-02,2.626280310670753848e-01,-6.808453866165337098e-02,-4.204230078632131828e-03,7.491022989964857270e-02,3.206605245713201047e-03,-6.466727721895353387e-01
4.317592233023569426e-01,9.776098853699097813e-01,4.641979861811305064e-01,4.988930594627778436e-01,6.859756262445538821e-01,6.373199658100816567e-01,6.951116499854181896e-01,3.701990125030705236e-01,6.074673249344435533e-01,9.015041654912629987e-01,6.050622638909002315e-01,6.537398522237365395e-01,4.552643159496909675e-01,7.276479563549403951e-01,7.403340211601066034e-01,7.122712658633671978e-01,6.299792449254268956e-01,6.042430184180693775e-01,8.620286378092827384e-01,1.084234998272801453e+00
5.987206864250684824e-01,7.275969168720157754e-01,1.043490077141613126e+00,5.980018053816349433e-01,8.936343932175979665e-01,9.379160329215583403e-01,4.478154945593524339e-01,2.361720148273178665e-01,1.117604742923360650e+00,1.037274852882997589e+00,9.178468476146406374e-01,7.314958873253423199e-01,8.581940588468410791e-01,7.768404242049207209e-01,9.248444402147470988e-01,8.421371478763506335e-01,7.803944750043584344e-01,5.206264988035431696e-01,9.193219739703338833e-01,1.095488484260529249e+00
-2.743227948872566380e-01,2.822022612521283946e+00,2.357125938778841689e+00,1.460392520305911823e+00,1.956604596110566918e+00,1.286421317828889244e+00,5.573484493935598749e-02,3.695436873088899787e-01,3.439055602752764340e+00,3.876618599427092970e+00,1.418799682741098245e+00,3.280814596894605195e+00,2.605807350622523444e+00,7.721315883471511210e-01,7.465690036984109490e-01,2.976571763404426640e+00,2.612448748880781046e+00,1.236492969525962327e+00,1.923775401773101024e+00,4.391782684439808015e+00
-9.783398302056478535e-01,-1.069783328012337442e+00,-1.113564236457438072e+00,-1.023822140231838373e+00,-8.270059469380374173e-01,-8.356488265796846449e-01,-1.833667930161613224e+00,-1.291366398520034764e+00,-7.917199863365100843e-01,-7.200007166899020650e-01,-1.556285702358797707e+00,-9.887326028007679124e-01,-8.440420320546253574e-01,-1.668337413962966753e+00,-1.134908168995357514e+00,-8.121809797477905768e-01,-1.189004321445460421e+00,-1.465198443401168671e+00,-9.932980520662961776e-01,-8.448006622257098197e-01
-5.889142577777455312e-01,-1.574526084760538458e+00,-1.180926780971216061e+00,-1.139645769777993145e+00,-2.147692115766160814e+00,-2.103021273601426877e+00,-1.049059628592287297e+00,-4.071792138432996921e-01,-1.576362759907696365e+00,-1.888601161951595220e+00,-1.451147207874700751e+00,-1.365472484421073940e+00,-1.472384755975565618e+00,-1.468339085300350622e+00,-1.767223056770193645e+00,-1.529732143032601188e+00,-1.402275700921888024e+00,-1.066064086011506484e+00,-2.166385319439423363e+00,-2.392017454434147261e+00
4.715459942538249294e-01,-4.907742778606304368e-01,-7.274642184332213990e-02,2.669340030684516085e-01,-4.883506063700621125e-02,1.124150293079918539e-01,3.584337320136059546e-01,1.990073739137274700e-01,-1.142782032285996618e-01,-3.480697078385779908e-01,-1.926603649088498571e-02,-4.319129883247723178e-01,1.417464576564182455e-01,1.503689781824537608e-01,2.765531193357155804e-01,-3.264458765427423748e-01,-2.723651204540719073e-01,-1.205823778405183955e-01,-2.172820980377244693e-01,-2.512706174346872601e-01
-1.955598370692335219e-01,-1.035908761318601545e+00,-1.139300980071171754e+00,-1.020299406154268507e+00,-1.200903594255305018e+00,-1.030075870437297425e+00,-3.323574738520704841e-01,-1.174874054710028926e-01,-1.666467257012546943e+00,-1.583780507587540631e+00,-9.739811923981009922e-01,-1.331344933686032128e+00,-1.336350784190306173e+00,-2.879265399321286889e-01,-8.599850802538177019e-01,-1.339844724043757873e+00,-1.287775091599807409e+00,-6.675647296227682492e-01,-9.763492276011203064e-01,-1.739491934626538061e+00
-3.694829097647007732e-01,-2.589650934976800434e-01,-2.406651851034053990e-01,-1.452289426013221307e-01,-4.745846188011308975e-01,-3.341320962163539798e-01,-3.791900307780516899e-01,-3.082002707284616783e-01,-7.736410913563673830e-02,4.347437366721185192e-02,-1.857708994840443495e-01,-1.191935167101283444e-01,-1.583119486183590663e-01,-3.822361407023334712e-01,-4.599545416489966287e-01,-2.255229686697057812e-01,-2.626086648088270525e-01,-2.152776310199835397e-01,-4.233837077643175517e-01,2.890497771166449237e-01
-1.689774514291020879e-01,-1.151760752201535176e+00,-1.071114429918654798e+00,-1.255051018699034238e+00,-1.087422584383681112e+00,-9.224785056504076763e-01,-5.139005986446409935e-01,-5.921872792735755064e-02,-1.405041871964744171e+00,-1.499450609096335540e+00,-8.906167343537350067e-01,-1.505391197897901323e+00,-1.373144788598867017e+00,-4.952722204533256400e-01,-9.125546613794863759e-01,-1.421418423333278280e+00,-1.337742324201936839e+00,-8.604142420383376066e-01,-9.033680255119769242e-01,-1.560124340126876286e+00
6.750897031620644029e-01,1.065420011829754099e+00,7.980403848572920067e-02,5.974032004371048199e-01,7.231625400865675513e-01,8.144437149221466221e-01,7.964117875264219437e-01,8.873240587196917772e-01,9.296602020679306522e-03,1.089501882301782271e-01,8.562881313070466183e-01,3.407191683347402522e-01,5.969905378959238229e-01,1.128281829344812248e+00,7.708756593740437868e-01,4.538813380226327521e-01,5.332700043497571318e-01,3.736075528963443970e-01,1.081600657858439174e+00,-5.615463539544771621e-01
2.977412914611086148e-01,-1.041796658673812548e-01,7.150018464382679184e-02,5.956817070693407601e-01,5.762329748188110834e-01,7.971645910426430337e-01,6.654901215345452314e-01,5.557888576379599321e-02,-8.333394725503606715e-02,1.079376079194831473e-01,4.649140460985186074e-01,2.741515278519557341e-02,5.488096320306690146e-02,5.022227820942422039e-01,5.058761446935131634e-01,1.177547275598900267e-01,1.316300963677847768e-01,2.950991794892656728e-01,2.296775022955019896e-01,3.651009715587765214e-01
6.377842130394976161e-01,8.538821443746759110e-01,1.640005140959938990e+00,1.065765660715902285e+00,6.935313748763125563e-01,8.676494844610915802e-01,1.043867187654435424e+00,8.141630805958852690e-01,1.362488589644384351e+00,1.375076010916685521e+00,1.086965582939483310e+00,1.363633367764873094e+00,1.382921821207328650e+00,1.341016316789743978e+00,9.115101998986270271e-01,1.367206269615354852e+00,1.405064296100888344e+00,1.111707296998410310e+00,6.840392578073382079e-01,1.820090233834004589e+00
-1.532665892594634149e+00,-3.257123577415473870e-01,-2.479145330857599472e-01,-5.964085611456328984e-01,-1.142176293656098185e+00,-1.346225447203090564e+00,-1.391103005374834778e+00,-1.202326409824461262e+00,9.076104099751569620e-01,9.513775491219205183e-01,-7.102039330149200191e-01,3.142407719603044214e-01,1.317705299841098743e-02,-1.449773599203961538e+00,-1.468494226411512393e+00,1.370849985372968316e-01,-8.312716516989593352e-02,-4.974029328525648719e-01,-1.264442774673305792e+00,1.440617236809653479e+00
-1.199819820467443066e+00,1.307806817638633934e+00,1.421878011483978410e+00,6.002881890557500988e-01,6.785645166758063063e-01,3.321518220188600656e-01,-1.498457837192342490e+00,-7.343755996940726227e-01,2.323330522025168321e+00,2.552681777402783236e+00,3.589346510795143885e-02,1.742859709018070635e+00,1.489702326004753496e+00,-1.066403872825223420e+00,-4.640154703993628060e-01,1.586324533943710424e+00,1.044027626006959419e+00,-1.640078685683595272e-01,3.953657187690818309e-01,3.299224129642210901e+00
9.949442935024626067e-01,-2.919343070453091826e+00,-3.097650704790827270e+00,-2.359262337197566062e+00,-2.507720966243561556e+00,-1.719970484054865079e+00,1.116977134012361539e+00,5.099913929913792998e-01,-4.601497796468716928e+00,-5.176576647415447319e+00,-1.222532955062272997e+00,-4.093540456655413884e+00,-3.684465978247277285e+00,6.639221877667407234e-01,-5.632487792075755451e-01,-4.041609839644694446e+00,-3.295359167809285950e+00,-1.082715386511768241e+00,-1.673233966499629632e+00,-5.930809352976913473e+00
-2.641291150268310073e-01,9.779936813412637431e-01,5.771558942967388584e-01,8.199880099713841020e-01,9.632733517484297625e-01,6.693553276115001838e-01,-4.966517289503655785e-01,-4.060489396124997707e-01,1.137001103618048514e+00,1.377419376913982640e+00,2.053406757292896012e-01,1.010223619215070645e+00,1.029901854708387354e+00,-3.941596454450793097e-01,4.113703027278377000e-01,1.087792275477165171e+00,7.870824364111754790e-01,1.680503854739248126e-01,7.057437315574976999e-01,1.403724831161519804e+00
-3.198934160495769952e-01,8.379186131893021638e-01,8.793923105168857113e-01,6.727082195560827316e-01,7.209114338764264218e-01,6.410616192721185769e-01,1.338430956265534988e-02,-2.636997026975098635e-01,1.152313392370895251e+00,1.239320266220939715e+00,4.020002184170308190e-01,9.034638357296782551e-01,7.952703463460260025e-01,-2.077274849750772034e-01,4.160162826348101639e-01,9.318818840772311596e-01,6.539060068446298501e-01,3.939063264040987278e-01,6.998877566561574337e-01,1.487663811829374794e+00
-2.931438230330287720e-01,1.998179310828744004e+00,1.748041393247880437e+00,1.587328979224458925e+00,1.728338572791862759e+00,1.281609320859240064e+00,-2.653916618560190899e-01,-9.351340383100203990e-03,2.615483238708324887e+00,2.895054216654826096e+00,1.091087535068442138e+00,2.162528210278267249e+00,2.136723151197267967e+00,-2.034431605104718987e-01,4.851326844603911503e-01,2.206425755017256130e+00,1.790411408044779940e+00,7.522395483284758377e-01,1.351944992537008616e+00,3.041087677867353456e+00
2.325375891960295149e-01,1.348809864737368969e+00,9.444953575282570846e-01,7.182155562080052569e-01,7.608259708455311632e-01,7.131978910797465154e-01,6.296369424120702440e-01,8.524772843533581224e-01,1.131577855314379377e+00,1.130071646508093330e+00,9.324476734898081709e-01,9.993077790672542093e-01,8.909963238634865945e-01,7.635214451563432370e-01,6.647983991706523099e-01,9.424912602992483457e-01,9.315504694877327907e-01,6.182449342054279207e-01,1.008154003561844814e+00,1.221169243482499667e+00
-9.207509791747604533e-01,-1.865640209011735440e+00,-9.270843533435014772e-01,-1.312623371850664800e+00,-1.887999272512949078e+00,-2.179809831145707033e+00,-1.676689361051515670e+00,-9.541068680932468515e-01,-1.148599816937498908e+00,-1.236381682509595681e+00,-1.883874373042258021e+00,-1.359918018971405518e+00,-1.424238911959943898e+00,-1.865840485133059889e+00,-1.891257613893507550e+00,-1.447602916374594262e+00,-1.480957817263788279e+00,-1.296134179712956191e+00,-2.326639349654764377e+00,-7.744028426247465680e-01
1.897614821986647327e-01,1.372645187620407548e+00,1.138394529304767921e+00,8.661031841410622434e-01,1.191349932324511363e+00,1.039457118643908551e+00,1.147072982052906309e-01,2.705691121572474378e-01,1.685165719968127807e+00,1.756721216328234414e+00,6.553531088670446758e-01,1.419028165802167951e+00,1.332307319396191625e+00,3.082902103951588035e-01,6.184470485912707538e-01,1.444438438960184534e+00,1.254145415187821522e+00,6.099312829921943457e-01,1.061050490584414696e+00,1.368989281584622297e+00
1.792011539169555689e-01,-2.970869538282905342e-02,5.780607258901282464e-02,3.932242358640904989e-01,7.355583060568984255e-01,3.903728101964050179e-01,1.562681219714796566e-01,-9.573644449805440715e-02,1.387782401952062372e-01,3.881635173286777096e-01,-5.384214803944464833e-02,1.989698729777664710e-01,1.810356534918824423e-01,-2.565773456007274245e-01,3.827888039666671460e-01,3.300053064992001239e-01,4.746121406284533606e-01,3.774936933009440665e-01,3.360746779113520377e-01,5.597750148158868733e-01
1.435246747466192074e+00,1.107074774006312046e+00,6.982402347297256284e-01,1.746767821556672207e+00,1.571165024601518079e+00,2.123113509975206092e+00,2.104713712312539009e+00,1.036132635089338727e+00,8.002090972056898899e-01,7.758751114263504611e-01,2.120289121720245973e+00,1.126693616561202926e+00,1.162999098290002697e+00,2.788205893300533589e+00,1.981397999029371304e+00,1.113371062970845093e+00,1.118218917290829006e+00,1.038484330223145902e+00,1.693135174384962527e+00,1.156059222893313532e+00
5.558444387444037016e-01,-7.753015861360562644e-01,-7.837569163710060849e-01,-4.356468055018454799e-01,-2.076282543992975516e-01,1.134450989533360293e-01,7.413859600741558031e-01,4.877415815224376283e-01,-1.312623394479767169e+00,-1.502268799761501628e+00,1.806267737738211920e-01,-1.217500044289934635e+00,-7.659977676271848557e-01,7.115981914882125725e-01,2.374499251754759177e-01,-1.049865153749056201e+00,-7.764278686980432553e-01,-9.036507048928094088e-02,1.155292274604979852e-04,-1.694345292204937570e+00
3.132336460432290082e-01,6.774852768501998801e-01,1.271123840772089286e+00,9.551167896726444617e-01,8.557783281486688320e-01,6.579859256872550022e-01,-8.270120496944866062e-05,-1.533266583371222236e-01,1.411080481467718251e+00,1.563438701978060452e+00,6.742190989432244042e-01,1.068278785202648518e+00,1.158540645174165107e+00,3.962253793346949271e-01,2.364751384942714307e-01,1.239554285985384086e+00,1.041125209799722118e+00,3.621276689849131092e-01,4.513492258443423388e-01,1.671742019546795133e+00
-3.405703920544231877e-01,-6.878434047495098902e-01,-8.496685602980109664e-01,-5.025712302979039592e-01,-9.952157041663240999e-01,-6.845987257114074520e-01,-1.009096329243833967e+00,-5.138009441383308840e-01,-5.142156736054968036e-01,-7.107941064187395241e-01,-7.520433122796208458e-01,-4.959526469390649339e-01,-5.348063049519105050e-01,-2.640027167366025829e-01,-9.032937037750616849e-01,-5.977133120231625796e-01,-6.599507616102946450e-01,-9.977205683946732684e-01,-8.792322463531689891e-01,-5.924453222258247997e-01
-7.395730767453123633e-02,-2.333951393249124262e+00,-2.528525805183366781e+00,-2.052209844469285116e+00,-2.082840133100746449e+00,-1.632322974076832578e+00,-2.778388960861237766e-01,-5.043507597419951693e-01,-3.366534147727587634e+00,-3.623835193902796625e+00,-1.675338935368126947e+00,-3.187293204350813092e+00,-2.708680415256516927e+00,-5.888519631039845770e-01,-1.102168468526967482e+00,-2.945646234495371996e+00,-2.703848273343985475e+00,-1.294230058369881808e+00,-1.610465701093781732e+00,-4.074388299746624753e+00
-1.908456252851806756e-01,1.543574153864933685e+00,1.676059501362842319e+00,1.488156435330372229e+00,1.430021710418205361e+00,9.043103182466516454e-01,-6.306297901838038289e-01,-3.539140886638432182e-01,2.454954486912539480e+00,2.604025828081621086e+00,7.301110283435376935e-01,2.091377796824494872e+00,2.065272314039284574e+00,-2.679016437741066348e-01,4.194902738761678851e-01,2.148419923852079805e+00,1.732940346822426925e+00,5.104758021688171610e-01,9.792927116572494040e-01,2.748480329484545681e+00
1.401655692584902191e-01,-7.277941266695986400e-02,4.993709835838444633e-02,-9.326582736737831780e-02,1.503611420376893548e-02,2.502174649277515428e-01,3.675842615925808410e-01,3.592293501224825825e-01,-4.539116920497292540e-01,-6.113614046062112450e-01,1.403555822403577125e-01,-4.377379309558357967e-01,-3.687428821866212125e-01,4.668185745301314249e-01,3.000802510334965589e-01,-4.029269090717795265e-01,-3.130706335990214306e-01,-2.037608218822066775e-01,1.461605613870653464e-01,-8.100729018368544310e-01
3.745733141253546616e-01,7.507177993000340166e-01,4.535986038144440569e-01,7.173491934098021883e-01,1.349262685286626295e+00,1.286329296096627273e+00,8.348033950359882160e-01,4.838452820271228472e-01,3.216861023894707627e-01,5.628455737519297841e-01,8.149328792899855900e-01,3.810323569697493529e-01,6.340640288980335937e-01,3.637731425894958903e-01,1.040085957717579168e+00,6.243909584585772832e-01,6.744731711596888557e-01,6.603858594463500875e-01,1.114003464326293491e+00,5.502635467276169035e-01
1.761120833887853676e-01,-2.228349073457102092e-01,-7.233946674583582870e-02,-2.551958902260821338e-01,-5.053359942518257375e-01,-3.709929962871921783e-02,1.445547251291789681e-01,2.952050595172546199e-01,-4.146834941593388058e-01,-5.514566832303746668e-01,4.022436919675046463e-01,-3.277900486211904330e-01,-4.231854540304981760e-01,7.677911133929851140e-01,-1.261302719425781149e-01,-5.824406686167649116e-01,-5.466280872410267389e-01,-2.285214660026731737e-01,-1.162740620137709957e-01,-7.690796956831649211e-01
4.161138531632944115e-01,8.028383016496225544e-01,5.903548018790352181e-01,8.594164534298225355e-01,4.538930574443054144e-01,6.026070363986735234e-01,5.468721249885444280e-01,6.994930549160143229e-01,8.677759903933666141e-01,1.140141098883844961e+00,6.437138365819603525e-01,9.312811976553792004e-01,7.272460382291610070e-01,4.425030210915450457e-01,5.070248489044273388e-01,8.053928146225939333e-01,7.775361498418120743e-01,5.444585654026328214e-01,4.418816989907139448e-01,1.319519117086499049e+00
1.884153254997356086e-01,-1.560025360114092319e-01,-2.986863357280650222e-01,-1.681687745726090921e-01,-2.320872949505759786e-01,-7.144091767722460240e-03,4.541513718497111052e-01,3.239429679584597821e-01,-3.889492521369386502e-01,-5.432894958113666517e-01,2.339905332408336314e-01,-2.643383463583945936e-01,-1.494858717052875152e-01,6.038812923262678600e-01,1.783041449750108476e-01,-3.461876938588821506e-01,-1.508824453774498808e-01,1.466545516601781007e-01,3.582788957932214746e-02,-4.064010379574822251e-01
-7.064398311244115547e-01,-5.623238615041663557e-01,-5.431171109937595887e-01,-6.585153422903244902e-01,-6.202792161504220303e-01,-1.217648697073324904e+00,-1.216312878098304573e+00,-9.564888332602095034e-01,6.082015252508377046e-02,9.459420000188512034e-02,-1.277426080876628234e+00,-3.105945377330803225e-01,-9.893659567627643980e-02,-1.381269693433230028e+00,-1.131168278381734282e+00,-1.831809128378711904e-01,-4.757746531450024463e-01,-8.057906525721572066e-01,-8.746074054004164822e-01,-4.591089198254083570e-02
-1.638445818874092463e-01,1.758614954700612465e+00,1.822967461953610702e+00,1.733467716356615895e+00,1.684741585641443606e+00,1.281028758825391023e+00,-4.108217693333513498e-01,-2.828660167800878256e-02,2.768066233488592154e+00,3.071765173457114528e+00,8.787859290862531925e-01,2.268314903512862468e+00,2.098921636870018759e+00,-3.505618344929671837e-01,5.193757024263627731e-01,2.250829602350415293e+00,1.888035639069568061e+00,6.130782108495684835e-01,1.128176347065506846e+00,3.492217127190273995e+00
1.867375803082120811e-01,2.481222285263239291e-01,1.329635163575659806e-02,8.961993155533709565e-02,1.975008812549575721e-01,2.189926006626105037e-01,5.251739734660327841e-01,3.063196721764329666e-01,7.395413842791098702e-02,1.286472878454583135e-01,8.001197650962166286e-02,9.249926457714974237e-02,4.357228921946332267e-02,-1.740100907721142676e-02,6.125441292299068641e-01,1.520762377015598132e-01,1.284228949660037866e-01,4.651405604365392854e-01,4.570887948690243174e-01,-2.431449622817827283e-03
-2.344480938767968814e-01,5.361105491851001492e-01,-1.314382602449388759e-01,6.959995496458670772e-02,4.169943502226123311e-01,4.419902193716374605e-01,-7.729497559368780912e-02,-1.571322847086429886e-01,5.555316281515433330e-01,8.698333868125484036e-01,2.428262890496481197e-01,5.118201131171482565e-01,3.217780283808375774e-01,1.593115530728653195e-01,-2.045450350575094278e-01,4.413189388785896394e-01,2.334634911867856655e-01,6.163220465412388993e-02,3.552733111795913223e-01,1.386483123952090502e+00
4.846611903564297386e-01,1.133455152705927116e+00,6.352249540688519325e-01,1.001082127106105890e+00,9.619521753280491083e-01,9.720261517764172687e-01,7.676645669771904323e-01,6.969353328737317721e-01,9.510972507928083797e-01,1.366867194661929519e+00,9.703750733489568958e-01,1.333589047123836302e+00,1.042449864430221140e+00,9.635755288854435108e-01,1.055690187118337509e+00,1.212602877805582846e+00,1.057143497657991871e+00,7.980081272732533204e-01,1.086875771744124641e+00,1.389715012677748218e+00
-7.420522404309801701e-01,4.295542518252579711e-01,1.489427346899772076e-01,2.121793584345166295e-02,2.275198037182235566e-01,-1.534458296350060813e-01,-9.462730361242646104e-01,-3.765348338224554503e-01,1.072553957854566864e+00,1.030029326826877423e+00,-3.572661741160478854e-01,6.013033903668625335e-01,5.466162565191088341e-01,-6.888259402104148776e-01,-5.958083264115479061e-01,6.216678552667471713e-01,3.769733635799465965e-01,-2.509131978019820686e-01,-3.875621290942454777e-02,1.253395684896478457e+00
-6.021025142254715634e-02,8.185743757549475141e-01,7.421554306640376630e-01,5.099228851553921915e-01,7.181381453749966504e-01,5.713711108699939256e-01,1.276060846614502364e-01,5.942308007187835361e-02,9.096659028166456107e-01,8.037872622315260784e-01,3.611188860080625784e-01,6.090007125897699547e-01,5.881043046825151777e-01,2.940335169462880982e-01,3.778560580687251313e-01,7.120338943287010114e-01,5.626435184502143194e-01,2.957206106831518078e-01,6.947701056792754404e-01,7.384785888619613825e-01
2.695559394433963973e-01,5.830133923614597702e-01,1.823472125206544447e-01,6.817287716436220002e-01,4.977035887675539394e-01,3.799466644422057060e-01,4.667394207714082865e-01,2.463218051545161824e-01,4.094210774830031596e-01,2.791980070173063488e-01,4.332599214672121501e-01,3.045047820460786703e-01,2.227280176246577703e-01,3.392340136950100504e-01,4.189080632371431356e-01,3.625568779060093227e-01,4.405334888224441414e-01,3.138403024891762705e-01,4.500046466871652218e-01,-1.637456397790648666e-02
2.613498356557846236e-01,5.722917848496165139e-01,2.371491056667589525e-01,2.993915934704030057e-01,3.294955462561390824e-01,2.683580638242233363e-01,1.771667927789417618e-01,1.511466336123421517e-01,5.391155009545989252e-01,6.099772280628887877e-01,1.738038263022998464e-01,5.279267583397113661e-01,5.858891935033292420e-01,6.787858971606697267e-02,5.487320340650332362e-01,5.007009308472036846e-01,4.244817617785383579e-01,3.668780911304037051e-01,4.959160962982245291e-01,6.461245313011370062e-01
1.008492763366531264e+00,-1.251320250428036296e-01,-3.800700774320908693e-01,1.170564947038461590e-01,3.350418512918711400e-01,6.652098251136946416e-01,1.276666665126144240e+00,9.358718496736440073e-01,-6.669183903407063241e-01,-9.768239024424452133e-01,4.519812860816003752e-01,-5.617228148782609232e-01,-2.992442872819549571e-01,1.048338908403994907e+00,1.018710663194618116e+00,-4.662166566061358708e-01,-6.683961555649187147e-02,3.440103936740861457e-01,4.459714219614829833e-01,-1.068288699654379226e+00
3.080249232656506742e-01,-8.428271147628970672e-01,-1.021110245062752053e+00,-4.956185367123457919e-01,-7.290761677165553678e-01,-2.058876394327511239e-01,6.487666176005393304e-01,3.612238347046727860e-01,-1.510259571317227101e+00,-1.479779310256341018e+00,-2.070714700764697547e-02,-1.247414157618111474e+00,-1.206065470766404690e+00,4.054163794965011114e-01,1.682799964499455125e-01,-1.245589729115026856e+00,-9.688301051957730614e-01,-9.020865340717687531e-02,-3.921905298588295175e-01,-1.583160588945403013e+00
1.094472508022829249e+00,1.941166647116966848e+00,1.466641058426875865e+00,1.443233477504306972e+00,2.297136441034154153e+00,2.007415129896078732e+00,1.390997703056938040e+00,1.022453085630779857e+00,1.441691746840128463e+00,1.783979900813144059e+00,1.760583089772377763e+00,1.602019889503631944e+00,1.466233377049646958e+00,1.471037930371220881e+00,1.934894545743623739e+00,1.685994468891761855e+00,1.536664155220472505e+00,1.265268686786360508e+00,2.270799141930168297e+00,1.485993559767475158e+00
-7.786104624449485812e-01,-8.197684124332527134e-01,-2.383220554723295415e-01,-4.713159496453123154e-01,-1.270038348523925054e+00,-1.229025892741812287e+00,-1.171524286312943808e+00,-7.838732094701619246e-01,-6.700812866944421131e-01,-1.050696028292567696e+00,-9.564060168432177989e-01,-8.593627310575397971e-01,-8.703814841222652365e-01,-8.183026580099146408e-01,-1.113812386530304011e+00,-1.055348966555310186e+00,-1.044099804629510908e+00,-9.393633476134071181e-01,-1.223809498006344088e+00,-1.224601512468934006e+00
4.209544842507337847e-01,-3.791798958397150088e-01,-4.490698535389148205e-01,-7.185978482815431612e-01,-6.354015071061862585e-01,-3.209176699486171458e-02,5.855881704642178498e-01,5.341472802352704718e-01,-1.341908543443663948e+00,-1.023529482603954932e+00,5.832133113006898739e-02,-1.055134740006109961e+00,-8.888817302225695549e-01,5.940171256338961925e-01,1.076287462200951062e-01,-1.073464123555837535e+00,-8.921664240623212727e-01,-1.458049990467578105e-01,-1.042755806729762647e-01,-1.145026069840404670e+00
9.646741561135840914e-02,-6.184767267360061771e-01,-2.517852112595031500e-02,-1.826659412881469491e-01,-5.870503871497785298e-01,-3.763287168475467626e-01,8.325579049073916771e-02,8.634701613948303489e-03,-3.972430505700859094e-01,-6.767749348658982367e-01,-1.723535220663525713e-01,-5.749597525848219037e-01,-4.241358176059644158e-01,-8.981292909990556961e-03,-2.391810009622707400e-01,-7.190576088559120782e-01,-4.001967280804722416e-01,-7.296950541539803936e-02,-5.447760451308267804e-01,-4.267716374247030320e-01
-2.362394919501178137e-01,5.650960966213851577e-01,3.734831872390600438e-01,1.984121803092806502e-01,1.397498979109277339e-01,5.988783247604201332e-02,-2.466084897059594994e-02,1.943542028820688938e-01,5.183890257298757742e-01,6.798699271419735846e-01,1.778680001307515468e-01,4.809315900370644270e-01,4.261143290737776645e-01,-8.747888636414480334e-02,1.009915026216710032e-01,3.837822093512003319e-01,3.260184916751133199e-01,1.970254027185837087e-01,2.445642078237619255e-01,1.110102364090784555e+00
5.972728129968416511e-01,-8.702310808476250159e-01,-9.239755764048027675e-01,-3.833686159980514985e-01,-2.274434888192174986e-01,-2.377203584951514959e-01,5.865689571582308748e-01,4.302898280210507576e-01,-9.503558386391195434e-01,-9.699357903552718874e-01,-3.216162719288960803e-01,-1.086089698010618054e+00,-7.768480639274819577e-01,4.137426532398433832e-01,1.379124722010867665e-01,-8.369917324641604761e-01,-7.044973870511919145e-01,-1.049043151732662604e-01,-2.704970072942627368e-01,-1.024212747997101047e+00
3.401537721512650769e-01,-4.517389725752773977e-01,-3.330952087316538801e-01,-2.335192794155747098e-01,-2.407550854986489908e-01,1.226581055147246690e-01,6.881413714753621402e-01,3.335700314087786111e-01,-7.715162875776049312e-01,-1.016225323279295489e+00,1.861651704259315032e-02,-6.836026882330368259e-01,-6.406975217873609463e-01,4.643157306840417498e-01,7.012475975565041209e-01,-7.306274293096501893e-01,-5.539366632080120478e-01,5.177628078441132153e-02,1.531658943971867526e-01,-1.179503237619666578e+00
-1.120532938822407232e-01,-1.213601341350227791e+00,-1.687185852307248712e+00,-1.095292972051864044e+00,-1.262241514153664479e+00,-7.819674892551364831e-01,-6.730353175095071805e-03,3.025512454687229180e-02,-2.041795962600693848e+00,-2.159260429688222072e+00,-4.783693380461397915e-01,-1.825057610838157096e+00,-1.632106675450180067e+00,1.679171865032214050e-01,-7.522113023900165452e-01,-1.799638157093703228e+00,-1.512650476986633574e+00,-8.006337663572216101e-01,-1.040034874966976552e+00,-2.534014604849729402e+00
1.088814655920800956e+00,1.613530571380977996e+00,1.319292568880307215e+00,1.619552866699973226e+00,1.823936696006699609e+00,1.996661245999782341e+00,1.497524096490311596e+00,7.973593314534648258e-01,1.231213644115360939e+00,9.378696198606716328e-01,1.576178130610991213e+00,1.176072663748586766e+00,1.158200197961979594e+00,1.498777442631575640e+00,1.956536369284494814e+00,1.195174741838761268e+00,1.300426190186180442e+00,1.086919788781395280e+00,2.009734889321713069e+00,4.816697029003008668e-01
-6.484506494625650319e-01,7.552807578085518614e-01,7.230755637103518652e-01,4.859940896550982714e-01,6.332918290947633366e-01,-1.325135697710031479e-01,-1.021881801088756703e+00,-4.733205959523054673e-01,1.421414657940918147e+00,2.015304883987272255e+00,-1.212726275308924073e-01,1.235999231229635953e+00,1.046676184098933149e+00,-1.197898487087820207e+00,-5.644935208146089067e-01,1.309108852855366045e+00,9.395872986451072606e-01,2.117378487550354293e-01,3.942364036574552699e-02,2.587523378828994858e+00
1.669155426885802762e-01,-3.762808586032412861e-01,6.372947056094080409e-02,-6.522773166628879071e-01,-3.938812856263498863e-01,-5.048686249908007628e-01,8.881054727593415410e-02,1.748531913200470633e-01,-5.099078354750044006e-01,-3.319321462142392765e-01,-1.472702119020140588e-01,-4.682159417785678457e-01,-2.622454212871863088e-01,-9.137741320280790003e-02,-1.179101702647944450e-01,-3.808259581217989798e-01,-3.379459044790220634e-01,-2.403351182617852189e-02,-3.919405340047125152e-01,-4.787342682605206790e-01
-5.305122572766231004e-01,-8.953081210164470782e-02,1.191027402067112440e-01,-1.134720419131339808e-01,-2.763005618862846569e-01,-3.585168492212039704e-01,-5.674273352525751601e-01,-6.220141617187496808e-01,3.460787261307777252e-01,1.822256043414832161e-01,-3.418567658155426403e-01,2.763703287917636253e-02,1.760489593999001456e-01,-5.453688100615806666e-01,-3.446353800586223759e-01,5.171352548313861569e-02,-6.389867916781358237e-02,-2.095119520825602377e-01,-2.918400074269495992e-01,4.741615309123825006e-01
-9.239575360321272690e-03,8.922345776363949099e-02,-5.860189390235381879e-02,1.494483450099171606e-01,1.322902310987407182e-01,8.101145620924132817e-02,-9.150249636819146604e-02,1.625966087699015628e-02,-1.117074122351802146e-02,1.657400697915101251e-02,1.554244485042066692e-01,2.509087276850752168e-02,3.207775935810730505e-02,-5.069345929605850731e-02,1.123368285419903134e-01,7.144815210955923757e-02,3.532620302495370623e-02,-4.575074088496117186e-02,1.553425495830643988e-01,-3.887776007974530490e-02
-2.430148627893097268e-01,6.758670286229162549e-02,1.951279480574555081e-01,1.122719306848389831e-01,1.436775670284732853e-01,7.433705356734837677e-02,-4.453402165993072259e-01,-2.201761044588628202e-01,1.653371134045830138e-01,3.828101379699361262e-01,-4.829170369817881170e-02,2.635306398301708042e-02,1.587516426570453054e-01,-4.890797174960375138e-01,-2.717879247483351857e-01,1.298726105371912909e-01,1.198878469082657605e-01,-2.303690322684034397e-01,-5.344785029981191649e-02,5.277707651785040754e-01
1.283584123642257380e-01,2.423258708719705501e-01,5.732874571858598278e-01,4.770064105175477742e-01,2.244803958562055501e-01,3.854932960456544655e-01,9.317065741842811555e-02,-1.757776498011909272e-02,1.042464837713239501e-01,2.833175685998612359e-02,5.336839097779181307e-01,1.585153027944057325e-01,1.157584804911628851e-01,4.509830456139329313e-01,1.487216266592747971e-01,1.233877847036877196e-01,2.034494389323726615e-01,5.578394469798908517e-03,3.164816096669316736e-01,-7.818900755605684427e-02
-7.391581407745175802e-01,-1.534636151021950834e+00,-9.801892706875143801e-01,-1.210226229396926367e+00,-1.623199148170985540e+00,-1.533366446931723637e+00,-1.035882960395773322e+00,-5.820671281112095308e-01,-1.331856009324901891e+00,-1.154319896749526286e+00,-1.474437906722877445e+00,-1.412805168290795166e+00,-1.209042867000887256e+00,-1.038892853001200489e+00,-1.295533234206407425e+00,-1.497212724195063238e+00,-1.528760525145474336e+00,-1.218889461519088169e+00,-1.635516506857506158e+00,-7.536728626739503945e-01
-1.538878101808208720e-01,-6.924055520758545246e-01,-5.752792577782861461e-01,-5.017707727263289730e-01,-4.379935902080226429e-01,-1.495948028981926026e-01,-8.082228886069453555e-02,-3.767315002209690178e-01,-1.029074179678844292e+00,-1.177603035412835286e+00,-4.736373446910446816e-02,-1.027060517362325953e+00,-7.979741050929143320e-01,-4.820238134120491402e-02,-3.314846232018247019e-01,-9.832862644020592402e-01,-8.424176806024905595e-01,-3.105069665494621933e-01,-3.827183413671727541e-01,-1.435472415713598071e+00
1.240801662166814978e-01,2.533058508626242045e+00,2.373958303301945350e+00,1.900880872696911084e+00,2.397883671851369858e+00,1.848600858431239002e+00,3.767186749707880367e-01,2.476090060576536800e-01,3.277422541918941334e+00,3.672666507212966724e+00,1.415241639916451355e+00,2.932369932908819532e+00,2.572022436746272511e+00,6.361649655961501004e-01,1.329759671097050067e+00,3.035732374766369368e+00,2.611758473665573455e+00,1.331075122558075030e+00,1.945767142266431993e+00,3.873262640687023417e+00
-1.132348143021042475e-01,-8.632141376728335036e-01,-7.325283847770720502e-01,-4.556492224137630997e-01,-6.666239057515441768e-01,-4.438342022624492955e-01,-2.134984593818566312e-01,-2.842513802345627560e-01,-8.373943200219163829e-01,-9.715746839949095381e-01,-5.097218168203517807e-01,-9.274898049359784347e-01,-5.770519849460999939e-01,-3.588636197667290362e-01,-4.502578907908360017e-01,-8.766152438712160322e-01,-7.678836480094645145e-01,-4.566675106814692686e-01,-6.796720263116540206e-01,-8.651218939303844113e-01
-1.565852929043212161e-01,6.764241097010126325e-02,1.600924927920983620e-01,1.841708770704664211e-01,1.601039716058871853e-01,7.752781981399614608e-03,-3.579681281080524524e-01,-2.607841729860143065e-01,3.447368246586639540e-01,2.459803594068457055e-01,-8.441979522878451103e-02,1.549317620107892868e-01,3.211095811067359307e-01,-3.576452554068887402e-01,-1.302782819015280147e-02,2.522877498565132548e-01,2.131796144620217159e-01,-2.797666077945692997e-02,-2.527778628947330297e-02,2.816477043860161622e-01
2.526485264205597936e-01,4.566285838484551718e-01,4.326157975084390372e-01,3.229868095781673887e-01,4.341991202589277066e-01,3.400741447453149435e-01,3.223511260688036728e-01,1.878655040872168058e-01,4.105742973228927450e-01,4.131527918098674146e-01,3.332078951291475022e-01,3.592763518275696732e-01,4.365553029962585541e-01,3.783373076898670639e-01,3.437953413814074377e-01,4.884273834947276960e-01,4.722985286556273810e-01,2.459619763330667119e-01,4.861766706622273615e-01,4.650209441295232171e-01
3.442143474106403866e-01,4.536871102577359482e-01,6.086344949946036476e-01,6.838886251425370100e-01,8.356609144750256624e-01,7.792950839865555590e-01,3.451160338026595387e-01,1.587865052032389201e-01,6.637903955523117849e-01,6.952718995123663426e-01,6.143051155817698117e-01,7.344768495455140656e-01,6.650909299455816104e-01,3.954382680000649297e-01,6.613732980598455713e-01,6.762368117117365518e-01,7.112448767450091358e-01,4.609453792842272968e-01,6.877534895950145888e-01,5.736439009529327171e-01
-6.449791262139648040e-02,1.414296777549875594e+00,1.339841365448366517e+00,8.412292586642435843e-01,1.239920251453180633e+00,6.169077966072922248e-01,-2.420507026469920220e-02,1.956191075286035641e-01,1.884961046918948391e+00,2.272972792142560650e+00,6.179285389057298516e-01,1.877275752349465421e+00,1.540000478325119104e+00,2.425674750883679565e-01,4.430903172663196443e-01,1.800364058141605828e+00,1.550886030783943603e+00,6.850455858753563554e-01,9.430356906456669464e-01,2.494744764979996088e+00
-5.198789972744329718e-02,2.748705755457527822e-01,2.833371764419257421e-01,2.711672821272826384e-01,4.551604379084125407e-01,2.917748697121591572e-01,-7.298126792384698747e-02,-1.170511626628596979e-01,5.219004323317875116e-01,4.436108649915786462e-01,4.320771751741986355e-02,4.624873198145399988e-01,4.809862186878673951e-01,-7.150295084608607188e-02,3.047275243617426632e-01,5.443602989043809792e-01,4.118413853911706002e-01,1.607242184883231340e-02,3.711245909552116085e-01,5.251899884359497728e-01
-4.975566506947710632e-01,7.524913915304896062e-01,8.076582716842214404e-01,6.794137953275711794e-01,4.876912577727727793e-01,9.799872791791586213e-02,-7.488915905246044113e-01,-4.640888108810843349e-01,1.455670619223647488e+00,1.544488078773368800e+00,1.015701864187448233e-01,1.250530642669267056e+00,1.096473712718443849e+00,-6.164358519939792114e-01,-2.369731438816632951e-01,1.248281557115680673e+00,9.547755315609671722e-01,4.130241436584569659e-02,2.217156924544423369e-01,1.800501941104073023e+00
-6.332876918762719853e-02,-5.101312487590318190e-01,-2.822673465716907248e-01,-4.454981721889190727e-01,-5.425083572245339436e-01,-5.492584635506915225e-01,-6.704554244356797366e-02,-1.426279669115575466e-01,-6.398980171172108378e-01,-6.342852773664606758e-01,-4.849158206815189498e-01,-5.392854291342380479e-01,-4.156847489283186370e-01,-3.071414020095856179e-01,-2.674369228375763630e-01,-5.268176901944837676e-01,-4.238996736810984878e-01,-3.011018362516413305e-01,-4.642999656281198151e-01,-5.282309838951657621e-01
-1.480258517693944231e-02,-3.125648695154529255e-01,-4.808579406100159659e-01,-5.486923115548882901e-01,-4.886736661720815222e-01,-2.484851713798496009e-01,1.150270378533069238e-02,3.298281261129265562e-02,-7.764072781312387761e-01,-8.244752181780700129e-01,-1.771858416383589319e-01,-5.345593352212509863e-01,-7.592695624955352329e-01,1.735517334700764636e-01,-2.416370353409229010e-01,-6.487112855106800247e-01,-5.042079304085865799e-01,-2.916282556485754185e-01,-2.342097367475290404e-01,-9.563284041083416342e-01
-1.961724476984986199e-01,-3.212643065026581923e-01,-1.763679831146026666e-01,-2.256335515151011162e-01,-3.587000280764376936e-01,-3.814399549678416657e-01,-3.271828904398395022e-01,-2.231375570893092686e-01,-2.650696582481898433e-01,-1.505151283877523283e-01,-3.018851904604251124e-01,-8.328222180106364947e-02,-1.773354880288974811e-01,-3.360700652171290659e-01,-3.970545337407028197e-01,-7.177674789117310938e-02,-2.230627944976646126e-01,-2.344545035577103032e-01,-4.371516002555748681e-01,-7.873992046705968750e-02
7.647919764590843661e-02,-4.080988681542113694e-01,-3.614748982336657424e-01,-3.458569729168774476e-01,-3.519795523755500644e-01,-3.195895728304003480e-01,1.013567006984498198e-01,7.571013843397372822e-02,-6.227947065051648856e-01,-7.079802685301841425e-01,-1.832637948060710509e-01,-7.050888558389525329e-01,-4.054376546696440431e-01,2.989895119736932227e-02,-1.211437625163313270e-01,-4.338265932006309944e-01,-3.308462107147130959e-01,-1.227531246689868294e-01,-2.881233835090730722e-01,-7.949601470567130290e-01
-1.425861637998848686e-01,2.067606106588451009e-01,3.908095429175357793e-01,1.408925439965418303e-01,1.429897141834707286e-01,2.693013325245607881e-02,-1.259911928955216309e-01,-1.103767144083906970e-01,5.951213706378222223e-01,6.651558115993152498e-01,-1.852645820334419824e-02,3.799219958932389396e-01,3.608481978811708402e-01,-2.187807560346942681e-01,-8.673809387804198856e-02,4.705494956902600556e-01,3.017219471323793201e-01,-4.944007931960481272e-03,5.327875423367189889e-02,8.906607925086771349e-01
-1.090107041432837320e-01,-1.806312059485783994e-01,-4.628482860141569510e-02,-2.546012939428929922e-01,-4.036925096591779116e-01,-3.784519168750156703e-01,-1.807374203981131355e-01,-6.063654239065452423e-02,-9.249767204500214390e-03,-9.612624238282996281e-02,-1.694265825641333434e-01,-4.472746074237354819e-02,-4.975817689063100069e-02,-1.181414354499432662e-01,-3.713051703565832806e-01,-1.428328239573142255e-01,-2.636970645920033718e-01,-2.492294957320644322e-01,-3.684561386072394140e-01,-5.658228249504260177e-02
9.772744020847193291e-02,-9.554557887475811917e-02,-5.611521749635939305e-02,-9.051611058320042924e-02,-1.608757170999114416e-01,-4.459548396422563510e-02,8.930442137551608539e-02,7.787378045424186990e-02,-6.959086472501174736e-02,-2.761632196231267322e-01,8.789290050471232352e-02,-7.304845094060224975e-02,-3.939845510470346701e-02,3.278710939555262716e-01,-8.274599035756702303e-02,-2.629350848544281805e-02,-8.526909585262984481e-02,-3.975624972510916066e-04,-1.189856988905117485e-01,-3.354980450468917352e-01
-2.747750347443476682e-01,2.967610999066861988e-01,3.825705087128903892e-01,2.735648213395058259e-01,3.915300908881381714e-01,1.512594736253304872e-01,-1.590285202490459571e-01,-1.531037965308318927e-01,5.958345090710123193e-01,6.181588492479255237e-01,6.107954813527144422e-02,5.442351151776014806e-01,5.513734832473770053e-01,-2.844594310374120583e-01,1.681300289753199229e-01,5.238047296310676115e-01,4.051549651566875299e-01,6.118931898685570081e-02,2.179406531204416408e-01,7.762724386336015137e-01
4.272297285625892282e-03,-2.600094263613777490e-01,-1.885648254008831237e-01,-1.082156692465212761e-01,-6.006150308379452907e-02,-1.369281938433301038e-01,-2.185858224547158335e-01,-1.264206659712503178e-01,-3.418910832728592336e-02,-1.161375509383707483e-01,-2.124115204191203143e-01,-1.560458954750608696e-01,-2.587087635450663892e-01,-2.009862579295151885e-01,-1.839134114809548304e-01,-1.601264051829356938e-01,-2.067445531222358301e-01,-1.970898807040966649e-01,-2.850664700252736883e-01,-1.781653468414497732e-01
-1.751400453436782745e-01,1.641578490709112437e-01,2.243694626771068901e-01,2.055341018567656275e-01,9.357820268674058029e-02,-2.336963538958652942e-03,-1.369732613502901430e-01,-1.329633520673984548e-01,6.604436262587154438e-01,6.303408840757119824e-01,-1.810476561611443214e-02,4.365196088274798658e-01,3.858842360601650312e-01,-1.016190677275829179e-01,-9.136198850112903225e-02,4.670337881383521683e-01,2.341721419696270456e-01,4.276738399222190790e-02,-6.919396124041243823e-02,8.209421330625119584e-01
-2.638751815487435648e-01,2.781927560629368634e-01,2.364894014542214817e-01,2.538313290702024494e-01,2.453346465657777475e-01,1.229266478943337182e-01,-2.830886726215339211e-01,-2.314039542031514074e-01,3.645673629510437497e-01,5.546003722502039768e-01,2.397626626019089269e-02,4.350536247773488241e-01,2.407669269730470241e-01,-3.266137475099684107e-01,5.698135086529509952e-02,4.320469051193491783e-01,1.716671017874163985e-01,-9.964383754560990347e-03,1.392050992618933392e-01,6.463164599044144421e-01
-1.411870630956100214e-01,1.315888424693010261e-01,1.728362779338689093e-01,1.789198920065216969e-01,1.406822520844037694e-01,1.322313460004973518e-01,-6.537326067699578136e-02,-9.756585092678782267e-02,3.883441886971253920e-01,3.546679818582043620e-01,1.051199866734053856e-01,3.390913673472912837e-01,3.115736521822901617e-01,-8.643311113806484425e-02,-2.670254430202989582e-02,3.304053138543235901e-01,2.994870739515751445e-01,7.749492648213196500e-02,8.489834507449989243e-02,3.620045644794162021e-01
-4.322372844742816689e-01,3.202500652599244990e-01,4.960551437401381492e-01,2.064517900968108055e-01,7.919301629998387604e-02,-5.809546108570096123e-03,-4.038763823878392945e-01,-3.002311763494425190e-01,6.588562840319274194e-01,6.964879065423406068e-01,-7.128013427008084157e-02,4.765762329983238565e-01,3.904042130696554480e-01,-3.711902383610140577e-01,-2.807916920848547160e-01,4.387048426823798586e-01,3.683715331196990572e-01,1.830695434630769114e-03,-6.281025037631005059e-02,7.603981631904610516e-01
3.059729041486818346e-01,6.591726366228877199e-01,7.328401489567466509e-01,5.846142781700092161e-01,8.140622269045841852e-01,7.473402562908966207e-01,5.825081906098892315e-01,2.476664199290683488e-01,7.500635164682165623e-01,7.792601344991028078e-01,6.702779404252401374e-01,7.560618887632954976e-01,7.589394686184771643e-01,5.514676073826172420e-01,6.158386971647868968e-01,8.165798044150924806e-01,7.431662199858988238e-01,4.552781456674486193e-01,7.730776147793259057e-01,8.462671067584870421e-01
-1.998267104942372807e-01,-8.866155615670651136e-02,1.976133970117748828e-01,4.444426546017943291e-02,1.020098920038209345e-02,-2.352906015339397139e-01,-2.674617803573406949e-01,-1.758565600456249989e-01,5.955110037513383636e-01,5.858417153037672742e-01,-2.332139455141823969e-01,4.610497390215655411e-01,3.497505706865634556e-01,-3.007483474470997731e-01,-2.155925904646510127e-01,4.660866104909606178e-01,3.530650557405533574e-01,1.628361831507222912e-01,-2.878065836694901902e-01,9.836408658529474103e-01
2.201600013948840084e-01,1.093787939834668932e-01,1.004148742275830508e-01,1.197425212961285013e-01,2.772849862665366372e-01,2.318323706338742407e-01,2.104077423997078866e-01,1.885911165726937844e-01,-4.861537717726749364e-02,-9.115007568796407167e-02,2.198531432277449627e-01,1.114046799143997291e-01,1.489486136602612421e-01,2.423687571844316269e-01,1.571563920260012348e-01,1.420790505758953715e-01,1.975215744191168299e-01,5.985322480396293443e-02,2.128745382433274713e-01,-2.166266610234606205e-01
-1.733604960616159096e-01,-4.678765210038107747e-02,-2.721164895065665279e-01,-8.575536919758300347e-02,-1.199262100449832724e-01,-1.576073392351007851e-01,-2.107173696598204360e-01,-2.102403718805396227e-01,1.137385877207280904e-02,-7.045655909114328930e-02,-1.824236451860661024e-01,-5.831886692812193740e-02,4.947963858971227147e-03,-3.075846560496143245e-01,-1.224951494489667780e-01,-5.799242137654375684e-02,-1.365134512737450345e-01,-2.054939359952284161e-01,-1.180387992104308947e-01,-5.123132096694810178e-02
2.530534103449622041e-01,6.495948938309565879e-01,4.362754107428084005e-01,6.813147898385194523e-01,7.792097082703532962e-01,7.233054630033165511e-01,4.715801415562299592e-01,2.544393396687560926e-01,8.688510209028177389e-01,8.673758703070060250e-01,7.224561331509964379e-01,8.362358848438291581e-01,6.955847399172225831e-01,6.360068879065117198e-01,5.952456473016342064e-01,8.015382618783681856e-01,6.322977370051778845e-01,3.542683806625932519e-01,7.205385253629332798e-01,8.077106890496548175e-01
1.739826967231719035e-01,-1.329992460884306116e-01,-3.395383674513863248e-02,-8.380314608378824914e-02,5.795355243335986728e-02,5.623955705635175217e-02,2.865905731034422699e-01,1.715703428978846423e-01,-4.096590972191685998e-01,-2.011147434050395422e-01,1.110563663576131788e-01,-1.214684125847826923e-01,-2.503942127080905911e-01,2.532763656695716792e-01,1.469892564283654668e-01,-5.287816804118650182e-02,-1.850617162856403874e-01,7.668972648313454599e-02,9.517521298195819046e-02,-2.099994114075660612e-01
-1.833410198268725644e-02,-5.553569401646885062e-02,1.731646436864746619e-01,5.359982765584136999e-02,1.136252901088721234e-01,-3.822474058935398933e-02,-4.284061891776680397e-02,-6.262545461273383296e-02,2.670950464488941467e-01,3.341140734345409147e-01,-2.995746277273125813e-02,2.168389373263093223e-01,2.249057361445017111e-01,-6.312365136952258204e-02,-2.269161336329550416e-02,2.261743555808430894e-01,2.542326363284197477e-01,1.026103738711585667e-01,-5.100652529242699629e-02,3.994231511656365363e-01
6.015177358388967832e-02,4.614329395342383622e-01,3.265448106771893233e-01,5.759262916957834655e-01,7.801597516382725583e-01,5.314551975344814494e-01,5.761461541659240737e-03,9.651740263076191706e-02,6.289882479996791176e-01,6.768144494587930993e-01,3.234212846365159821e-01,7.827118692807295552e-01,6.164081470568720800e-01,1.569008383209579138e-01,4.232617578595071484e-01,7.361929682195063052e-01,7.172397538141566109e-01,2.846646966341382923e-01,5.631488046509586232e-01,6.638722199232545140e-01
-2.041612706486828355e-01,-5.891086137071632756e-01,-8.377916671842366991e-01,-6.685571618578483033e-01,-7.318324110451057685e-01,-4.835405677342705655e-01,-2.045906184771171255e-01,-2.908502092254483529e-01,-1.083396942413280772e+00,-1.137089539316072706e+00,-4.620935854412300259e-01,-9.121382247691811607e-01,-9.389472150116824345e-01,-2.505109968909542406e-01,-3.295971248939882914e-01,-9.263204876315351832e-01,-8.293731379762219191e-01,-5.282824489734614382e-01,-4.944693205700047001e-01,-1.180471743421682707e+00
-5.829201913249084654e-01,1.815300748007131482e-01,3.799966604250424318e-01,1.624996268134604183e-01,-1.326521724206259911e-01,-2.611650997821903797e-01,-8.504859401011866105e-01,-6.030021143152342056e-01,7.726239455646157772e-01,7.848536605148419554e-01,-1.966388783515164995e-01,6.414194576973928363e-01,3.673097678121619580e-01,-5.849014311720501791e-01,-4.214978811526903790e-01,4.667984238174134326e-01,2.915866113863461173e-01,-1.825123885869239793e-01,-2.241978025130186847e-01,9.882266785927855679e-01
-3.168570655706548500e-02,4.018705703163106269e-01,4.495967551569219900e-01,4.510871412706106698e-01,4.938397573295844611e-01,3.223128503641646825e-01,2.988702102994900134e-02,1.339315400083895824e-02,6.861944189015056761e-01,5.972285678717625945e-01,2.979328246060449770e-01,5.927209021813005796e-01,5.880576388219549422e-01,1.322624228566577909e-01,1.488608214419008258e-01,6.478527705521127666e-01,6.217210986535105510e-01,1.881601048162683254e-01,3.295079942264115824e-01,6.374339412364264934e-01
9.478294907446294104e-02,-1.531031090542700479e-01,-7.695234241274873099e-02,-1.398505826728859702e-01,-4.852695873986911934e-02,3.411285052860169031e-02,2.286679072865058782e-01,1.317982630047709325e-01,-3.616920225384321341e-01,-4.413355841989687889e-01,-3.381788979115207816e-02,-2.520467561696451142e-01,-3.008312514675246518e-01,6.109590120445584915e-02,1.884889480742051315e-01,-2.670671546010672248e-01,-1.163403825844937511e-01,1.498339080689770064e-02,3.332197708792850044e-02,-5.207885342107210214e-01
-1.949126708840807076e-01,2.016278666779067752e-01,-4.186971738566147572e-02,6.578001422605816995e-02,-1.472200065702167215e-02,2.884110805189950000e-01,-2.765220391627276619e-02,-1.568908946348663846e-01,7.680664998091857321e-02,9.131818733471086524e-02,2.741210345653053437e-01,6.970031771913864915e-02,-5.665727962675948248e-04,2.741667720784264350e-01,5.546497032608277422e-02,-4.127291370594265985e-02,-3.815978305044276375e-02,-8.831214383047369942e-02,2.007707523452872955e-01,1.865048413589647236e-01
1.910769412853763338e-01,6.860415212677656305e-01,6.357817046077368639e-01,5.644563054676686731e-01,6.501805964126173842e-01,5.749448992077890175e-01,3.113918620483325794e-01,2.635941548340562379e-01,6.830171472921449105e-01,9.361623597699542110e-01,4.767221707491475780e-01,8.577479846032731725e-01,7.269990113993662906e-01,2.180616793722659486e-01,5.375188597475248908e-01,8.567672116955002970e-01,6.484760684350021620e-01,3.272834325878760664e-01,6.012007670102242907e-01,1.053877017341921185e+00
-1.759152150879245424e-01,-1.751110459889842486e-01,1.351869449970227732e-01,-7.209498578081330322e-02,-1.115922439245556896e-01,-2.180900561767234180e-01,-2.124870052462921044e-01,-8.186991886138905716e-02,2.185624766770930538e-01,2.314658357074198536e-01,-1.453822496146033039e-01,1.352452764386601336e-01,9.396863398133348255e-02,-1.857724509792540446e-01,-2.692939988016287423e-01,1.393640876477091339e-01,1.030731574842744802e-01,-9.517019551579042336e-02,-1.720276185632583499e-01,3.109143300361871809e-01
-3.527498187579599098e-01,2.287325309734836998e-01,2.191177026303072761e-01,2.015154525580349631e-01,1.857142812533952025e-01,6.926376715726348388e-02,-4.852046657317876099e-01,-3.543665651860236077e-01,3.639512902509648429e-01,4.407862360465391038e-01,-1.754993088936271373e-02,3.514661635863661204e-01,2.675279630240016138e-01,-2.418917683603437618e-01,-2.471351660714662946e-01,3.273388706960974615e-01,2.055049465490414451e-01,-2.650682151382355300e-01,3.185711839659267908e-02,4.096424723469569429e-01
-2.981671790431811297e-01,6.955265027667382194e-01,7.372334784667983199e-01,5.796903405306801371e-01,6.352287760136445804e-01,5.238500264012142527e-01,-9.968355088548158660e-02,-1.546662263798234682e-01,9.555287143393356164e-01,1.108309393196127424e+00,3.743934134047356421e-01,9.307229148585134393e-01,7.938803055295687860e-01,-2.027759338658172150e-01,2.380070311762745305e-01,8.976552368524620684e-01,7.779842813034040239e-01,2.963143577904759907e-01,5.417222311523427480e-01,1.393019103959546090e+00
1.002298768233156334e-02,7.306868224364195807e-01,7.505133610392886734e-01,6.757164205872007168e-01,7.798290914719655520e-01,6.079849530039109773e-01,2.337840054788202782e-01,1.189031883010047697e-01,1.003706698145085063e+00,1.105315291146588219e+00,4.606219217229887697e-01,9.247463180975554753e-01,8.609153033091176965e-01,5.036107069852180373e-02,4.273757195593604896e-01,9.342739856185624525e-01,8.398836483987662804e-01,4.817549286178900436e-01,5.829208288951328587e-01,1.249248058745877188e+00
1.430647997921248304e-01,4.482292295399231685e-01,9.775526097649200885e-02,4.136591357141560232e-01,5.094964405702218091e-01,5.144962828608005134e-01,2.558735256699549709e-01,9.479413598935604313e-02,4.422000530310503663e-01,4.982089649703314027e-01,4.686612675852996346e-01,4.443816292383022670e-01,2.095924930053021384e-01,2.969753521262347706e-01,2.799265942176704103e-01,3.506484872758683924e-01,2.947592067469843036e-01,1.117046332896982630e-01,4.980165124755907557e-01,4.287845185037895135e-01
-1.534998369035167620e-01,-3.045429025122874389e-01,-2.765213132539763308e-01,-2.936248995285906105e-01,-3.623013082469745960e-01,-2.730125718141197533e-01,-1.755176300827030467e-01,-1.219554214545142123e-01,-6.069632281933756701e-02,-2.923892144147552941e-01,-1.536136699272663275e-01,-1.227180057973760174e-01,-1.251057592360547144e-01,-7.255284343924262025e-02,-2.089936290107079486e-01,-1.495992888365602624e-01,-2.595242877024064310e-01,-2.713213549044612982e-01,-3.094723224504528636e-01,-3.313955342350904942e-01
6.450380069561623131e-02,3.941773370622463357e-01,1.728083294932107883e-01,2.278567472269976690e-01,2.292694376935595635e-01,1.385613364067075359e-01,3.424606041893030195e-02,8.959349795895232837e-02,4.578244115802529990e-01,3.888874055770179528e-01,1.887072211327722737e-01,5.455332075705054962e-01,4.228442715829163756e-01,1.746141826801281827e-01,-1.823913542285460210e-02,4.981281205044898464e-01,4.274764728096298594e-01,1.566795132975578042e-01,2.276767154921701675e-01,3.412226999617673506e-01
-4.123400660954354424e-02,9.950723819869478071e-02,1.294752749646675416e-01,7.314605972673687839e-02,1.997418326905199826e-01,1.514963506108814861e-01,5.042075809986923396e-02,-2.155800482571901266e-02,-9.416214194294218742e-03,1.835390924548853109e-01,1.255344990153259566e-01,2.308377364100786533e-01,4.985288349307628181e-02,2.891836596645241952e-03,1.191074624375003665e-01,2.210720364132690574e-01,1.855304476473948472e-01,7.276166377540516095e-02,9.776638088851544173e-02,1.573478883337091905e-01
3.214638127725135686e-01,5.229536478659637666e-01,5.760180371194802973e-01,5.737498661040631998e-01,7.447042748201887497e-01,6.330871173356177328e-01,6.597703885163344051e-01,4.502422875642519973e-01,6.516687176957818295e-01,5.940293095384291400e-01,6.186737831561238687e-01,4.783306091659389470e-01,6.392028811184846671e-01,6.391839568585017117e-01,6.619797877258278840e-01,7.090262887263658609e-01,6.536900003692166505e-01,5.619349748595996452e-01,6.482552958159366607e-01,5.864244837154626300e-01
8.012449426185308532e-02,3.513129786771673757e-02,1.274225523586562936e-01,-9.501622903723450086e-02,-8.099385734842456941e-02,-6.453317942112679617e-02,6.557566634779909975e-02,1.158313959398760140e-02,-3.623116566577100350e-02,-9.594403433030818107e-02,-1.150875468463967710e-01,8.755487014070095775e-02,-3.757589622910084692e-02,-3.813498428764483528e-02,5.615071810882765746e-02,2.399082765380078364e-02,3.694039458395548259e-02,6.319019218248800307e-02,-2.123351326760414270e-02,-2.458049872830847526e-02
2.384573122828722025e-01,3.851592822646199843e-01,2.686627010059638998e-01,3.475195388705786814e-01,4.987852940637492738e-01,3.358763491744067853e-01,4.232779486054577545e-01,3.175277127348161699e-01,4.429580787020545030e-01,5.855009484790398844e-01,3.273288540382493506e-01,5.667954540879969194e-01,5.940480455838835772e-01,2.043994539756025519e-01,4.878314849823600641e-01,5.555962277189967491e-01,5.523520175256112497e-01,4.867169447281059491e-01,4.331288174177349570e-01,5.833868491086320329e-01
1.082445507792492156e-01,4.093205117495873901e-02,-5.797501282944783618e-02,7.974397520646447912e-02,1.001686807441075078e-01,1.013243402971104046e-01,1.249125099550948415e-01,1.020179428893747131e-01,1.059037721408103705e-01,9.261715426379124594e-02,6.778261356144499317e-02,1.105188867002661057e-01,-1.046682157675055125e-01,5.073845611727190175e-02,1.042025502043904261e-01,7.585490738906075503e-02,1.013229901227475915e-01,3.102736809247330640e-04,7.332183124219712744e-02,1.046039255964396064e-01
1.521155600668732677e-01,4.195269980064871840e-01,5.011525450584453090e-01,3.904664875835187621e-01,4.293496965879969873e-01,3.850410833701756186e-01,2.764785283310668418e-01,1.224510746224445890e-01,7.089356792943544150e-01,5.770906909503679127e-01,3.733387236695829281e-01,6.165527490901276941e-01,3.941084675665642578e-01,2.723832416576267845e-01,3.517502297060671745e-01,4.862561546676565927e-01,4.582797175813027590e-01,3.039123088763431846e-01,3.897538065854239120e-01,6.634166405418371326e-01
-1.030897826140436957e-01,-5.459989304363268570e-01,-4.421398254979970743e-01,-4.106239306179992887e-01,-4.855451603366829350e-01,-4.084331386462500268e-01,-1.372343480279153149e-01,-1.144806678476866235e-01,-7.121220914395939294e-01,-8.120481255778787544e-01,-3.288569575646608789e-01,-6.072451882427192249e-01,-6.510150310479333458e-01,-2.194688537982237286e-01,-3.168681240720381820e-01,-7.016983120814515029e-01,-6.935555218606020977e-01,-3.542326300395949867e-01,-3.850805949827216246e-01,-9.065168301939181550e-01
-1.465399132421558726e-01,-3.638686601817088251e-01,-3.150403360843569422e-01,-3.312102509072526457e-01,-5.311609091320235176e-01,-4.610056422106091345e-01,-2.463710931788765934e-01,-1.202773285695399874e-01,-2.761412063098721559e-01,-4.202459754960333194e-01,-3.625897280323465699e-01,-3.070581128165059126e-01,-4.284060290384840153e-01,-1.655774793940429923e-01,-4.169499226929286873e-01,-3.847424601063493821e-01,-4.826610461468597846e-01,-4.601017487930019190e-01,-4.271789785079211921e-01,-3.760872280333275031e-01
-1.968042253538386799e-01,1.271424458499037513e-02,1.536034894703126596e-01,5.491647107001695893e-02,3.438337046557127241e-02,-1.087736578133948750e-01,-2.434090867971406835e-01,-2.852940479048925448e-01,1.613321452670204437e-01,2.499438813535358461e-01,-1.477693111617546240e-01,1.990289981788924134e-01,6.012461446294747880e-02,-4.268093579885634536e-01,-1.269195641725022750e-01,1.262007580308129873e-01,3.495762029958660033e-02,-3.806272632102203346e-03,-8.546730512990108330e-02,3.911292783342626977e-01
4.030427301296779508e-02,2.778119893867569412e-01,8.365891932850411106e-02,2.932272700589764747e-01,3.287462244446619497e-01,3.415684062266864940e-01,2.425663213992239609e-01,1.223751504621439778e-01,2.685876607588489340e-01,1.927491805107892087e-01,3.342498376312942332e-01,9.464191484545414479e-02,1.267768581932103844e-01,2.030086519625377561e-01,2.985102622573043707e-01,1.128657661516155875e-01,2.473748036139898909e-01,1.646265707183132143e-01,3.431455125731849298e-01,2.959412982056252028e-01
-1.543648716121486242e-01,-3.896361916919304225e-01,-3.512402829825467254e-01,-3.449999333953727154e-01,-3.445728426740469752e-01,-2.169667788092931593e-01,-1.921656302310030817e-01,-1.518411404327162373e-01,-4.602596956514783955e-01,-5.364121428331686259e-01,-2.943487499152001030e-01,-4.398758290582938102e-01,-3.640003263315501059e-01,-1.998419941585822812e-01,-2.039487385182519041e-01,-4.131642688916991046e-01,-4.630109240743649490e-01,-3.415569050679281293e-01,-3.316649973764156378e-01,-5.873249138167417893e-01
-9.389375463818987189e-02,-7.819926629350720804e-02,-4.292433945015661223e-03,-1.240629861593952610e-01,-2.613752589074908039e-02,6.928929447110093731e-02,6.995537573413498911e-02,-3.458480648751768860e-02,-1.783576236800195058e-01,-1.992819399224924348e-01,7.973619742997559157e-02,-1.159539082142989896e-01,-4.411101416044016510e-02,-1.995776116377301346e-03,8.791169666015613560e-02,-1.008699602581148713e-01,-1.149440918562144587e-01,-1.875021297473217219e-02,7.577788505065199964e-02,-1.647023001333939862e-01
-6.601506222316455563e-02,3.038574038267116695e-01,1.168338319063118025e-01,1.958461810671492387e-01,1.643518611945437025e-01,8.028227768124174268e-02,4.417641624227353070e-02,7.839360863151867420e-02,4.540283127876125757e-01,4.953244110988355153e-01,1.831240022996767358e-01,4.131150972139665534e-01,3.967140692630630738e-01,3.147464286211809625e-02,7.444808317474027604e-02,3.809583588786247255e-01,2.679524406896967026e-01,9.007333649384197116e-02,9.331146039552096205e-02,5.493033932989372925e-01
2.919372990359105913e-01,2.080899772934955427e-01,6.515409566727281554e-02,2.354119441508411015e-01,3.075185491826251671e-01,3.818609703438405889e-01,3.796162000787391966e-01,1.742214645201458634e-01,2.245166167208499930e-01,1.694512702467702026e-01,2.612277603013188898e-01,2.171735919551187610e-01,2.303368354167959486e-01,3.402198004435120771e-01,3.911440631212226293e-01,1.519606057985848357e-01,9.378902802570920905e-02,1.920600794576471371e-01,3.440690174874819762e-01,6.129524111519879526e-02
1.031419787195962390e-01,-1.783602436044756101e-01,-4.201623851720627800e-01,-8.752249913589672803e-02,-2.358141600244889613e-02,2.461493327609088483e-02,1.618360508822763999e-01,6.093704455168144629e-02,-2.183858161817904819e-01,-3.533118657773967608e-01,-2.824616417523888659e-02,-2.390292279185114444e-01,-2.477975873552758779e-01,9.337308067366406616e-02,8.460529024784999019e-02,-2.050666375740487490e-01,-2.098746651016434317e-01,-7.407159299153270871e-02,1.441106023289812077e-02,-4.324153603127011136e-01
1.023314953863351251e-01,-5.476712606621791934e-02,4.505818215107337821e-02,-4.796666642002456182e-03,-5.840261509052929734e-02,-9.643948381197559039e-02,1.650270313569783820e-01,1.100412898531378247e-01,6.448606509172338797e-02,3.330521734098168540e-02,1.946467939518314871e-02,9.733124239086554663e-02,1.238506972754960245e-02,6.515934298763892407e-02,5.526020415756172088e-02,4.145547098903579197e-02,-1.619280506101344885e-02,9.367569507342382584e-02,-5.215990438177242616e-02,1.478479757343864609e-01
-1.523060275687780907e-01,1.122793150688689012e-01,1.294062406358923445e-01,2.885011181825614113e-02,-4.524233868386895452e-02,-1.031883098759088790e-01,-2.344341206577231218e-01,-2.191488288164618048e-01,2.822830896572405823e-01,3.688387776549437724e-01,-1.682170117752876948e-01,1.470616395811303878e-01,2.403088401303323796e-01,-2.875827139699026480e-01,-1.185742515876894720e-01,1.298960631528196519e-01,7.031116095666789523e-02,-9.284808548700357322e-02,-1.836143731069683760e-02,4.677668040812410499e-01
-1.116024025924348129e-01,3.870977673333042546e-02,2.143716571963641959e-01,9.129113053046006288e-02,-1.211554384759048753e-01,-1.124478106850232972e-01,-1.951301350933616341e-01,-1.060702572266174482e-01,3.299235251309232675e-01,2.568328921505879658e-01,-2.258375929478745325e-02,2.790147173237802480e-01,3.216616784720410793e-01,-1.068229135754376058e-01,-1.248650611463412163e-01,1.653218961426457523e-01,3.271652917545377903e-01,5.652774690274775526e-02,-1.842381832804556030e-01,5.859261911904370956e-01
-2.739474017259755367e-01,1.277239952587481409e-01,2.725117789988402706e-01,1.598713329941336969e-01,1.100954518757184530e-01,-1.047772386239011755e-01,-4.851189283133556795e-01,-3.662439445514259484e-01,5.046328817356418028e-01,6.106602633061229968e-01,-1.661502751669021449e-01,3.492653586255956566e-01,3.049655948391006288e-01,-4.671602733502178140e-01,-1.536697669812118749e-01,4.062686511111166521e-01,3.473727111270426549e-01,-1.180897088245104198e-01,-8.535079027901476545e-02,8.003114121419696581e-01
-7.522860157387634139e-02,-5.268985335971754225e-02,5.709520894965591786e-02,-6.264477321651507058e-02,-2.165119032645987929e-01,-1.551394359859787908e-01,-1.472459373815147021e-01,-1.051913507078523491e-01,7.355965328283775584e-02,-7.800411411776009274e-02,-6.948064778472140546e-02,-4.305089659577387984e-02,8.504464774470665844e-02,-7.991940541151831834e-02,-1.331604753588230272e-01,-3.134096143324793804e-02,-2.893438062187181359e-02,-8.418937051237462832e-02,-1.710190749706053115e-01,7.205032971299996092e-02
-6.556790225604702815e-01,-7.830563963531191884e-01,-4.583344844042835931e-01,-7.435550215966930665e-01,-1.025606888559912111e+00,-9.140332670826444295e-01,-9.382547089575008492e-01,-6.604493743933952388e-01,-3.690888082725587438e-01,-4.976137197456207417e-01,-7.414423141686987684e-01,-4.391958075884909718e-01,-5.931831028069192158e-01,-8.112898590333250670e-01,-1.010878731999492963e+00,-6.193128439039152777e-01,-6.609373454083278254e-01,-7.711641524760268762e-01,-1.048431242817897457e+00,-4.181485300432958852e-01
8.532945169545413933e-02,4.119341957830844336e-01,3.985817281931212097e-01,3.316947749211205387e-01,5.415299869642546948e-01,3.950197116395132158e-01,1.672383494892932809e-01,9.961085562861615728e-02,5.803605261504118928e-01,6.335989261840737630e-01,2.388101477557718066e-01,6.069137654482625877e-01,6.066313624470918153e-01,5.680585995904463559e-02,2.803632085665038742e-01,5.737576544961870972e-01,5.082617081358016264e-01,2.837313749409011709e-01,4.113272219800070406e-01,7.810849550214111758e-01
5.119816254937965549e-01,5.146950371515879308e-01,3.092593275080215420e-01,4.961043784790010736e-01,6.804566186067138034e-01,6.039016696914705218e-01,6.286956275665476213e-01,4.407024020653471097e-01,3.849118813181580112e-01,2.912813462608791482e-01,6.241853098198262284e-01,4.822383075866184532e-01,3.324448618201020222e-01,7.207587791853286019e-01,6.790113120615575149e-01,5.311730720311746978e-01,4.696960760871041751e-01,4.552045363666412658e-01,6.584671200525297197e-01,1.422988271311270703e-01
-1.125629708849910093e-01,1.443974345955719163e-01,1.192785834816590396e-01,2.292099558659310699e-01,8.461255964250680162e-02,6.852445595769698916e-02,-1.422671179489586879e-01,-1.040804548760344006e-01,2.737407213933689687e-01,4.893406409870449947e-01,3.187753809646992620e-02,3.123942869496842967e-01,2.850082667278818205e-01,-4.690774282511350757e-02,-5.364885687965575967e-02,2.097951542322447627e-01,1.922287145951492582e-01,-1.146181953447661384e-02,-1.038326276055284714e-02,4.629245061224397384e-01
-1.437853493653307169e-01,4.507322615160136436e-01,4.897347283694997166e-01,3.470441431540384203e-01,3.271697323238602628e-01,1.530761879283899507e-01,-1.454441379840119009e-01,-6.842452177600799601e-02,6.577517390728813140e-01,7.349446612555884384e-01,1.386107879739199022e-01,5.769248778553986989e-01,5.302842105979730380e-01,-2.510942540804692591e-01,2.856285696658189543e-02,5.514302310069542079e-01,5.000014563061289108e-01,2.472979891698765531e-01,2.464352121514353788e-01,9.850033787597154422e-01
